Workbook

Sheet Tong quan
A1: Bảng tổng hợp đánh giá VAD – YAMNet, bin 0.5s
A2: Pipeline: file mp3/mp4 → decode (app) → PCM → lib: resample, downmix → cửa sổ 0.96 s / hop 0.08 s → model → gộp overlap → padding, drop, merge → segment. Xử lý theo file, không streaming.
A4: Cách dùng
A5: Ô nền vàng | B5: Ô bạn điền (trạng thái, kết quả đo, số liệu).
A6: Ô nền xám | B6: Số liệu ví dụ minh họa — ghi đè bằng kết quả thật.
A7: Ô chữ đen không nền | B7: Công thức tự tính, không cần sửa.
A8: Các sheet
A9: Ke hoach baseline | B9: Kế hoạch và theo dõi từng bước xây baseline: phụ trách, hạn, trạng thái, bằng chứng; tiến độ theo nhóm.
A10: KPI va Gate | B10: KPI của lib, baseline vs candidate: target, dung sai, CI Δ, kết luận đạt / không đạt.
A11: Snapshot | B11: Cấu hình được đóng băng (input lib, tiền xử lý, gộp overlap, hậu xử lý…); tự đánh dấu mục thay đổi.
A12: Quy trinh 8 buoc | B12: 8 bước đánh giá, đầu ra và công cụ; theo dõi tiến độ.
A13: Metrics | B13: Định nghĩa metric tầng A, B, C (hiệu năng lib), S (biên, file, parity), I (tích hợp decode).
A14: Kiem tra du lieu | B14: Checklist 18 mục kiểm tra chất lượng dữ liệu (Bước 8).
A15: Ablation | B15: Hậu xử lý A0–A4, cách gộp overlap, drop, thứ tự hậu xử lý; DCF tự tính.
A16: Bao cao category | B16: Mẫu báo cáo theo category: MR, FAR, loại lỗi, F1, DCF. Baseline chính thức điền bằng output của lib.
A17: Bieu do can ve | B17: Danh sách biểu đồ nên có.
A18: Parity | B18: So khớp Python reference ↔ lib theo thứ tự pipeline: waveform, log-mel, score, overlap, quyết định, segment.
A19: Performance | B19: Thời gian theo stage (ms / phút audio), RTF, CPU, năng lượng, bộ nhớ cố định, kích thước.
A20: Bien va timestamp | B20: Độ chính xác biên trên nhãn mịn, chất lượng theo vị trí trong file, căn chỉnh thời gian.
... A25: Tich hop decode | B25: Decode mp3/mp4 phía app (ngoài lib): lệch timestamp, định dạng, file lỗi. Không tính vào gate của lib.
A26: Tiến độ
A27: Tiến độ quy trình | B27: ='Quy trinh 8 buoc'!B14
A28: Checklist dữ liệu đã xong | B28: ='Kiem tra du lieu'!C30
A29: Số mục dữ liệu 'Không đạt' | B29: ='Kiem tra du lieu'!C26
A30: Tiến độ kế hoạch baseline | B30: ='Ke hoach baseline'!I50
A31: Số bước đang trễ hạn | B31: ='Ke hoach baseline'!D51
A32: KPI: Đạt / Không đạt / Chưa đo | B32: ='KPI va Gate'!D32&" / "&'KPI va Gate'!D33&" / "&'KPI va Gate'!D34
A33: Kết luận gate của lib | B33: ='KPI va Gate'!D36
A34: Parity lib baseline: không đạt / chưa đo | B34: =Parity!F25&" / "&Parity!F26
A35: Test chức năng baseline: không đạt / chưa chạy | B35: ='Test chuc nang'!F38&" / "&'Test chuc nang'!F39
A36: Tích hợp decode: không đạt / chưa chạy | B36: ='Tich hop decode'!C46+'Tich hop decode'!D46&" / "&'Tich hop decode'!C47+'Tich hop decode'!D47
A37: Lưu ý chính
A38: 1 | B38: AUC gộp trên dữ liệu thiết kế dễ bị thổi phồng — kiểm tra rò rỉ, file suy biến, alignment trước.
A39: 2 | B39: Chọn ngưỡng trên dev qua toàn pipeline, không chọn trên test.
A40: 3 | B40: CI bootstrap theo file / bản ghi gốc, không theo bin.
A41: 4 | B41: Ngưỡng cảnh báo là ngưỡng thực hành, cần hiệu chỉnh theo dữ liệu của bạn.
A42: 5 | B42: Baseline chính thức là số của lib.so, không phải của Python – Parity phải Đạt trước, bắt đầu từ waveform sau resample/downmix.
A43: 6 | B43: Đo hiệu năng trên thiết bị đích, môi trường cố định; quy về mỗi phút audio; báo mean và p95.
A44: 7 | B44: Mọi tối ưu của lib phải qua Parity và KPI va Gate trước khi merge.
A45: 8 | B45: Decode nằm ngoài lib: kiểm tra ở Tich hop decode. Không tính vào gate của lib nhưng lệch timestamp ở đây làm lệch mọi segment.
A47: Số liệu đã điền (29/09/2026)
A48: Model | B48: Output model: C:/Users/leuhu/OneDrive/Máy tính/test/Model
A49: Dữ liệu | B49: 144 file (4.61 giờ), 5 category: Asm, Babble, Clean, Music, Noise; dev 43 / test 101 file; thư mục C:\Users\leuhu\OneDrive\Máy tính\test
A50: Nhãn | B50: Nhãn trong C:/Users/leuhu/OneDrive/Máy tính/test/data/AAA/Ground_truth
A51: Người gán nhãn 2 | B51: Không có – bỏ qua phần đồng thuận nhãn
A52: Val tổng hợp | B52: 500 file syn_val
A53: Loại số liệu | B53: Python reference – CHƯA phải output lib.so; Parity, hiệu năng, robustness chưa đo
A54: Ngưỡng dùng | B54: =FIXED('KQ du lieu that'!$B$11,2)&" ("&'KQ du lieu that'!$B$8&" trên dev, "&'KQ du lieu that'!$B$7&") – chỉnh ở KQ du lieu that, mục Tham số"
A55: Sheet thêm | B55: KQ du lieu that (chỉ số = công thức), Hinh du lieu that (hình Python), DL … (số đếm thô từ Python, chữ xanh), Dac trung tap danh gia (đặc trưng tập theo độ phân giải model)

Sheet Ke hoach baseline
A1: Kế hoạch xây baseline – chất lượng + hiệu năng lib.so
A2: Theo dõi từng bước. Vàng = bạn điền; trạng thái nhóm Q tự lấy từ sheet 'Quy trinh 8 buoc'. Cột 'Tiến độ hạn' tự tính.
A4: Mã | B4: Nhóm | C4: Bước | D4: Việc cần làm | E4: Đầu ra | F4: Tiêu chí hoàn thành | G4: Sheet chi tiết | H4: Phụ thuộc | I4: Phụ trách | J4: Bắt đầu | K4: Hạn | L4: Hoàn thành | M4: Trạng thái | N4: Tiến độ hạn | O4: Bằng chứng (link / file) | P4: Ghi chú
A5: 0.1 | B5: 0. Chuẩn bị | C5: Chốt target & KPI | D5: Chọn thiết bị/SoC đích, độ dài file điển hình và lớn nhất; đặt target cho từng KPI | E5: Cột Target trong KPI va Gate | F5: Mọi KPI có target hoặc ghi rõ "không đặt target" | G5: KPI va Gate | H5: – | I5: (tên) | J5: 46293 | K5: 46297 | M5: Chưa làm | N5: =IF(K5="","",IF(L5<>"",IF(L5>K5,"Xong trễ "&(L5-K5)&" ngày","Đúng hạn"),IF(OR(M5="Đạt",M5="Không áp dụng"),"",IF(TODAY()>K5,"Trễ "&(TODAY()-K5)&" ngày","Còn "&(K5-TODAY())&" ngày"))))
A6: 0.2 | B6: 0. Chuẩn bị | C6: Freeze baseline | D6: Ghi hash model, commit lib, resampler, downmix, cách gộp overlap, tham số và thứ tự hậu xử lý, version dữ liệu và script; gắn git tag | E6: Snapshot (cột Baseline) | F6: Mọi mục Snapshot có giá trị; có git tag | G6: Snapshot | H6: 0.1 | M6: Chưa làm | N6: =IF(K6="","",IF(L6<>"",IF(L6>K6,"Xong trễ "&(L6-K6)&" ngày","Đúng hạn"),IF(OR(M6="Đạt",M6="Không áp dụng"),"",IF(TODAY()>K6,"Trễ "&(TODAY()-K6)&" ngày","Còn "&(K6-TODAY())&" ngày"))))
A7: 0.3 | B7: 0. Chuẩn bị | C7: Hợp đồng input app ↔ lib | D7: Chốt sample rate, số kênh, kiểu mẫu và độ dài tối đa lib nhận; ai chịu trách nhiệm downmix | E7: Mục Input lib trong Snapshot | F7: App và lib cùng xác nhận | G7: Snapshot | H7: 0.1 | M7: Chưa làm | N7: =IF(K7="","",IF(L7<>"",IF(L7>K7,"Xong trễ "&(L7-K7)&" ngày","Đúng hạn"),IF(OR(M7="Đạt",M7="Không áp dụng"),"",IF(TODAY()>K7,"Trễ "&(TODAY()-K7)&" ngày","Còn "&(K7-TODAY())&" ngày"))))
A8: Q1 | B8: Q. Chất lượng offline | C8: ='Quy trinh 8 buoc'!B5 | D8: ='Quy trinh 8 buoc'!D5 | E8: ='Quy trinh 8 buoc'!E5 | F8: 0 nhóm vắt qua dev/test (mục 2a) | G8: Quy trinh 8 buoc | H8: 0.2 | M8: ='Quy trinh 8 buoc'!G5 | N8: =IF(K8="","",IF(L8<>"",IF(L8>K8,"Xong trễ "&(L8-K8)&" ngày","Đúng hạn"),IF(OR(M8="Đạt",M8="Không áp dụng"),"",IF(TODAY()>K8,"Trễ "&(TODAY()-K8)&" ngày","Còn "&(K8-TODAY())&" ngày")))) | O8: DL theo file (cột Tập)
A9: Q2 | B9: Q. Chất lượng offline | C9: ='Quy trinh 8 buoc'!B6 | D9: ='Quy trinh 8 buoc'!D6 | E9: ='Quy trinh 8 buoc'!E6 | F9: Bảng bin có đủ cột is_boundary, is_ambiguous, metadata | G9: Quy trinh 8 buoc | H9: Q1 | M9: ='Quy trinh 8 buoc'!G6 | N9: =IF(K9="","",IF(L9<>"",IF(L9>K9,"Xong trễ "&(L9-K9)&" ngày","Đúng hạn"),IF(OR(M9="Đạt",M9="Không áp dụng"),"",IF(TODAY()>K9,"Trễ "&(TODAY()-K9)&" ngày","Còn "&(K9-TODAY())&" ngày")))) | O9: DL theo file, DL nhan va phan bo
A10: Q3 | B10: Q. Chất lượng offline | C10: ='Quy trinh 8 buoc'!B7 | D10: ='Quy trinh 8 buoc'!D7 | E10: ='Quy trinh 8 buoc'!E7 | F10: Các mục 5a–5e, 2a–2c Đạt | G10: Kiem tra du lieu | H10: Q2 | M10: ='Quy trinh 8 buoc'!G7 | N10: =IF(K10="","",IF(L10<>"",IF(L10>K10,"Xong trễ "&(L10-K10)&" ngày","Đúng hạn"),IF(OR(M10="Đạt",M10="Không áp dụng"),"",IF(TODAY()>K10,"Trễ "&(TODAY()-K10)&" ngày","Còn "&(K10-TODAY())&" ngày")))) | O10: KQ du lieu that mục H; DL nhan va phan bo mục b; Hinh du lieu that, hình 1
A11: Q4 | B11: Q. Chất lượng offline | C11: ='Quy trinh 8 buoc'!B8 | D11: ='Quy trinh 8 buoc'!D8 | E11: ='Quy trinh 8 buoc'!E8 | F11: AUC, PR-AUC, DET có CI; báo trên 3 tập bin | G11: Quy trinh 8 buoc | H11: Q3 | M11: ='Quy trinh 8 buoc'!G8 | N11: =IF(K11="","",IF(L11<>"",IF(L11>K11,"Xong trễ "&(L11-K11)&" ngày","Đúng hạn"),IF(OR(M11="Đạt",M11="Không áp dụng"),"",IF(TODAY()>K11,"Trễ "&(TODAY()-K11)&" ngày","Còn "&(K11-TODAY())&" ngày")))) | O11: KQ du lieu that mục F; DL ROC
A12: Q5 | B12: Q. Chất lượng offline | C12: ='Quy trinh 8 buoc'!B9 | D12: ='Quy trinh 8 buoc'!D9 | E12: ='Quy trinh 8 buoc'!E9 | F12: Ngưỡng cố định + CI, ghi vào Snapshot | G12: Quy trinh 8 buoc | H12: Q4 | M12: ='Quy trinh 8 buoc'!G9 | N12: =IF(K12="","",IF(L12<>"",IF(L12>K12,"Xong trễ "&(L12-K12)&" ngày","Đúng hạn"),IF(OR(M12="Đạt",M12="Không áp dụng"),"",IF(TODAY()>K12,"Trễ "&(TODAY()-K12)&" ngày","Còn "&(K12-TODAY())&" ngày")))) | O12: KQ du lieu that mục A, E; DL quet nguong
A13: Q6 | B13: Q. Chất lượng offline | C13: ='Quy trinh 8 buoc'!B10 | D13: ='Quy trinh 8 buoc'!D10 | E13: ='Quy trinh 8 buoc'!E10 | F13: Bao cao category điền đủ, có CI | G13: Bao cao category | H13: Q5 | M13: ='Quy trinh 8 buoc'!G10 | N13: =IF(K13="","",IF(L13<>"",IF(L13>K13,"Xong trễ "&(L13-K13)&" ngày","Đúng hạn"),IF(OR(M13="Đạt",M13="Không áp dụng"),"",IF(TODAY()>K13,"Trễ "&(TODAY()-K13)&" ngày","Còn "&(K13-TODAY())&" ngày")))) | O13: KQ du lieu that mục B, C, I
A14: Q7 | B14: Q. Chất lượng offline | C14: ='Quy trinh 8 buoc'!B11 | D14: ='Quy trinh 8 buoc'!D11 | E14: ='Quy trinh 8 buoc'!E11 | F14: Bảng A0–A4 + heatmap F1(pad, merge) | G14: Ablation | H14: Q5 | M14: ='Quy trinh 8 buoc'!G11 | N14: =IF(K14="","",IF(L14<>"",IF(L14>K14,"Xong trễ "&(L14-K14)&" ngày","Đúng hạn"),IF(OR(M14="Đạt",M14="Không áp dụng"),"",IF(TODAY()>K14,"Trễ "&(TODAY()-K14)&" ngày","Còn "&(K14-TODAY())&" ngày")))) | O14: KQ du lieu that mục D; DL nhan va phan bo mục c; hình 3
A15: Q8 | B15: Q. Chất lượng offline | C15: ='Quy trinh 8 buoc'!B12 | D15: ='Quy trinh 8 buoc'!D12 | E15: ='Quy trinh 8 buoc'!E12 | F15: Có CI, per-category, top-K lỗi đã nghe | G15: Quy trinh 8 buoc | H15: Q6, Q7 | M15: ='Quy trinh 8 buoc'!G12 | N15: =IF(K15="","",IF(L15<>"",IF(L15>K15,"Xong trễ "&(L15-K15)&" ngày","Đúng hạn"),IF(OR(M15="Đạt",M15="Không áp dụng"),"",IF(TODAY()>K15,"Trễ "&(TODAY()-K15)&" ngày","Còn "&(K15-TODAY())&" ngày")))) | O15: KQ du lieu that; Hinh du lieu that; results_test/
A16: 1.1 | B16: 1. Chất lượng trên lib | C16: Parity Python ↔ lib | D16: Đưa cùng PCM vào Python reference và lib; so từ waveform sau resample/downmix đến F1 | E16: Parity mục B + danh sách file lệch | F16: Mọi mục PA Đạt với lib baseline | G16: Parity | H16: 0.2 | M16: Chưa làm | N16: =IF(K16="","",IF(L16<>"",IF(L16>K16,"Xong trễ "&(L16-K16)&" ngày","Đúng hạn"),IF(OR(M16="Đạt",M16="Không áp dụng"),"",IF(TODAY()>K16,"Trễ "&(TODAY()-K16)&" ngày","Còn "&(K16-TODAY())&" ngày"))))
A17: 1.2 | B17: 1. Chất lượng trên lib | C17: Tầng B trên output lib | D17: Chạy lại Bước 4–6 bằng output của lib; cập nhật Bao cao category – đây là số baseline chính thức | E17: Bao cao category (nguồn = lib) | F17: K01–K07 trong KPI va Gate lấy từ output lib | G17: Bao cao category | H17: 1.1, Q5 | M17: Chưa làm | N17: =IF(K17="","",IF(L17<>"",IF(L17>K17,"Xong trễ "&(L17-K17)&" ngày","Đúng hạn"),IF(OR(M17="Đạt",M17="Không áp dụng"),"",IF(TODAY()>K17,"Trễ "&(TODAY()-K17)&" ngày","Còn "&(K17-TODAY())&" ngày"))))
A18: 1.3 | B18: 1. Chất lượng trên lib | C18: Ablation gộp overlap, drop, thứ tự | D18: So các cách gộp score, quét drop, so thứ tự hậu xử lý; chọn cấu hình trên dev | E18: Ablation mục B, C, D | F18: Đã chọn và ghi vào Snapshot | G18: Ablation | H18: 1.2 | M18: Chưa làm | N18: =IF(K18="","",IF(L18<>"",IF(L18>K18,"Xong trễ "&(L18-K18)&" ngày","Đúng hạn"),IF(OR(M18="Đạt",M18="Không áp dụng"),"",IF(TODAY()>K18,"Trễ "&(TODAY()-K18)&" ngày","Còn "&(K18-TODAY())&" ngày"))))
A19: 2.1 | B19: 2. Hiệu năng | C19: Benchmark harness | D19: Tool C/C++ đọc PCM đã decode, gọi API lib, đo thời gian theo stage, xuất CSV | E19: Tool + script chạy lặp | F19: Hai lần chạy liên tiếp lệch < 5% | G19: Performance | H19: 0.2 | M19: Chưa làm | N19: =IF(K19="","",IF(L19<>"",IF(L19>K19,"Xong trễ "&(L19-K19)&" ngày","Đúng hạn"),IF(OR(M19="Đạt",M19="Không áp dụng"),"",IF(TODAY()>K19,"Trễ "&(TODAY()-K19)&" ngày","Còn "&(K19-TODAY())&" ngày"))))
A20: 2.2 | B20: 2. Hiệu năng | C20: Chuẩn hóa môi trường đo | D20: Cố định governor/tần số, core, số thread; định dạng PCM và tập file đo; warm-up; kiểm soát nhiệt | E20: Performance mục A | F20: Điền đủ mục A cho baseline | G20: Performance | H20: 2.1 | M20: Chưa làm | N20: =IF(K20="","",IF(L20<>"",IF(L20>K20,"Xong trễ "&(L20-K20)&" ngày","Đúng hạn"),IF(OR(M20="Đạt",M20="Không áp dụng"),"",IF(TODAY()>K20,"Trễ "&(TODAY()-K20)&" ngày","Còn "&(K20-TODAY())&" ngày"))))
A21: 2.3 | B21: 2. Hiệu năng | C21: Đo thời gian theo stage | D21: Downmix, resample, log-mel, inference, gộp overlap, hậu xử lý – ms cho mỗi phút audio; RTF; init | E21: Performance mục B, C | F21: Có số liệu đủ các stage và tổng | G21: Performance | H21: 2.2 | M21: Chưa làm | N21: =IF(K21="","",IF(L21<>"",IF(L21>K21,"Xong trễ "&(L21-K21)&" ngày","Đúng hạn"),IF(OR(M21="Đạt",M21="Không áp dụng"),"",IF(TODAY()>K21,"Trễ "&(TODAY()-K21)&" ngày","Còn "&(K21-TODAY())&" ngày"))))
A22: 2.4 | B22: 2. Hiệu năng | C22: Đo CPU & năng lượng | D22: Thời gian CPU / phút audio; công suất khi chạy và idle; rút sạc khi đo | E22: Performance mục D | F22: Hệ số biến thiên giữa các lần đo < 10% | G22: Performance | H22: 2.2 | M22: Chưa làm | N22: =IF(K22="","",IF(L22<>"",IF(L22>K22,"Xong trễ "&(L22-K22)&" ngày","Đúng hạn"),IF(OR(M22="Đạt",M22="Không áp dụng"),"",IF(TODAY()>K22,"Trễ "&(TODAY()-K22)&" ngày","Còn "&(K22-TODAY())&" ngày"))))
A23: 2.5 | B23: 2. Hiệu năng | C23: Đo bộ nhớ cố định & kích thước | D23: RSS do init, arena, kích thước model và .so | E23: Performance mục E | F23: Có số liệu đủ mục E | G23: Performance | H23: 2.2 | M23: Chưa làm | N23: =IF(K23="","",IF(L23<>"",IF(L23>K23,"Xong trễ "&(L23-K23)&" ngày","Đúng hạn"),IF(OR(M23="Đạt",M23="Không áp dụng"),"",IF(TODAY()>K23,"Trễ "&(TODAY()-K23)&" ngày","Còn "&(K23-TODAY())&" ngày"))))
A24: 3.1 | B24: 3. Biên, file dài & batch | C24: Nhãn mịn & độ chính xác biên | D24: Gán nhãn 10–20 ms cho tập con ~30–60 phút, đủ category; đo Δonset/Δoffset | E24: Tập nhãn mịn + Bien va timestamp mục A | F24: Có median và p95 cho Δonset, Δoffset | G24: Bien va timestamp | H24: Q2 | M24: Chưa làm | N24: =IF(K24="","",IF(L24<>"",IF(L24>K24,"Xong trễ "&(L24-K24)&" ngày","Đúng hạn"),IF(OR(M24="Đạt",M24="Không áp dụng"),"",IF(TODAY()>K24,"Trễ "&(TODAY()-K24)&" ngày","Còn "&(K24-TODAY())&" ngày"))))
A25: 3.2 | B25: 3. Biên, file dài & batch | C25: Vùng biên file & cửa sổ cuối | D25: Đo recall/FAR ở đầu, giữa, cuối file và phần dư < 0.96 s | E25: Bien va timestamp mục B | F25: Biết lib có mất speech ở cuối file không | G25: Bien va timestamp | H25: 1.2 | M25: Chưa làm | N25: =IF(K25="","",IF(L25<>"",IF(L25>K25,"Xong trễ "&(L25-K25)&" ngày","Đúng hạn"),IF(OR(M25="Đạt",M25="Không áp dụng"),"",IF(TODAY()>K25,"Trễ "&(TODAY()-K25)&" ngày","Còn "&(K25-TODAY())&" ngày"))))
A26: 3.3 | B26: 3. Biên, file dài & batch | C26: Căn chỉnh thời gian của lib | D26: Quét shift ±1 s trên output lib; kiểm số cửa sổ và segment trong biên file | E26: Bien va timestamp mục C | F26: Lệch đỉnh F1 = 0; 0 segment vượt biên | G26: Bien va timestamp | H26: 1.1 | M26: Chưa làm | N26: =IF(K26="","",IF(L26<>"",IF(L26>K26,"Xong trễ "&(L26-K26)&" ngày","Đúng hạn"),IF(OR(M26="Đạt",M26="Không áp dụng"),"",IF(TODAY()>K26,"Trễ "&(TODAY()-K26)&" ngày","Còn "&(K26-TODAY())&" ngày"))))
A27: 3.4 | B27: 3. Biên, file dài & batch | C27: Theo độ dài file | D27: Chạy file 1, 10, 60, 180, 480 phút; ghi thời gian và peak RSS | E27: File dai va batch mục A | F27: Biết độ dài tối đa chạy được và độ dốc RAM | G27: File dai va batch | H27: 2.1 | M27: Chưa làm | N27: =IF(K27="","",IF(L27<>"",IF(L27>K27,"Xong trễ "&(L27-K27)&" ngày","Đúng hạn"),IF(OR(M27="Đạt",M27="Không áp dụng"),"",IF(TODAY()>K27,"Trễ "&(TODAY()-K27)&" ngày","Còn "&(K27-TODAY())&" ngày"))))
... A38: 6.3 | B38: 6. Tích hợp decode (ngoài lib) | C38: Chi phí decode (tùy chọn) | D38: Thời gian và RAM decode so với thời gian lib | E38: Tich hop decode mục D | F38: Có số liệu | G38: Tich hop decode | H38: 2.3 | M38: Chưa làm | N38: =IF(K38="","",IF(L38<>"",IF(L38>K38,"Xong trễ "&(L38-K38)&" ngày","Đúng hạn"),IF(OR(M38="Đạt",M38="Không áp dụng"),"",IF(TODAY()>K38,"Trễ "&(TODAY()-K38)&" ngày","Còn "&(K38-TODAY())&" ngày"))))
C40: Tiến độ theo nhóm
C41: Nhóm | D41: Số bước | E41: Đạt | F41: Đang làm | G41: Không đạt | H41: Không áp dụng | I41: Tiến độ
C42: 0. Chuẩn bị | D42: =COUNTIF($B$5:$B$38,C42) | E42: =COUNTIFS($B$5:$B$38,$C42,$M$5:$M$38,"Đạt") | F42: =COUNTIFS($B$5:$B$38,$C42,$M$5:$M$38,"Đang làm") | G42: =COUNTIFS($B$5:$B$38,$C42,$M$5:$M$38,"Không đạt") | H42: =COUNTIFS($B$5:$B$38,$C42,$M$5:$M$38,"Không áp dụng") | I42: =IFERROR(E42/(D42-H42),0)
C43: Q. Chất lượng offline | D43: =COUNTIF($B$5:$B$38,C43) | E43: =COUNTIFS($B$5:$B$38,$C43,$M$5:$M$38,"Đạt") | F43: =COUNTIFS($B$5:$B$38,$C43,$M$5:$M$38,"Đang làm") | G43: =COUNTIFS($B$5:$B$38,$C43,$M$5:$M$38,"Không đạt") | H43: =COUNTIFS($B$5:$B$38,$C43,$M$5:$M$38,"Không áp dụng") | I43: =IFERROR(E43/(D43-H43),0)
C44: 1. Chất lượng trên lib | D44: =COUNTIF($B$5:$B$38,C44) | E44: =COUNTIFS($B$5:$B$38,$C44,$M$5:$M$38,"Đạt") | F44: =COUNTIFS($B$5:$B$38,$C44,$M$5:$M$38,"Đang làm") | G44: =COUNTIFS($B$5:$B$38,$C44,$M$5:$M$38,"Không đạt") | H44: =COUNTIFS($B$5:$B$38,$C44,$M$5:$M$38,"Không áp dụng") | I44: =IFERROR(E44/(D44-H44),0)
C45: 2. Hiệu năng | D45: =COUNTIF($B$5:$B$38,C45) | E45: =COUNTIFS($B$5:$B$38,$C45,$M$5:$M$38,"Đạt") | F45: =COUNTIFS($B$5:$B$38,$C45,$M$5:$M$38,"Đang làm") | G45: =COUNTIFS($B$5:$B$38,$C45,$M$5:$M$38,"Không đạt") | H45: =COUNTIFS($B$5:$B$38,$C45,$M$5:$M$38,"Không áp dụng") | I45: =IFERROR(E45/(D45-H45),0)
C46: 3. Biên, file dài & batch | D46: =COUNTIF($B$5:$B$38,C46) | E46: =COUNTIFS($B$5:$B$38,$C46,$M$5:$M$38,"Đạt") | F46: =COUNTIFS($B$5:$B$38,$C46,$M$5:$M$38,"Đang làm") | G46: =COUNTIFS($B$5:$B$38,$C46,$M$5:$M$38,"Không đạt") | H46: =COUNTIFS($B$5:$B$38,$C46,$M$5:$M$38,"Không áp dụng") | I46: =IFERROR(E46/(D46-H46),0)
C47: 4. Độ bền & chức năng | D47: =COUNTIF($B$5:$B$38,C47) | E47: =COUNTIFS($B$5:$B$38,$C47,$M$5:$M$38,"Đạt") | F47: =COUNTIFS($B$5:$B$38,$C47,$M$5:$M$38,"Đang làm") | G47: =COUNTIFS($B$5:$B$38,$C47,$M$5:$M$38,"Không đạt") | H47: =COUNTIFS($B$5:$B$38,$C47,$M$5:$M$38,"Không áp dụng") | I47: =IFERROR(E47/(D47-H47),0)
C48: 5. So sánh & chốt | D48: =COUNTIF($B$5:$B$38,C48) | E48: =COUNTIFS($B$5:$B$38,$C48,$M$5:$M$38,"Đạt") | F48: =COUNTIFS($B$5:$B$38,$C48,$M$5:$M$38,"Đang làm") | G48: =COUNTIFS($B$5:$B$38,$C48,$M$5:$M$38,"Không đạt") | H48: =COUNTIFS($B$5:$B$38,$C48,$M$5:$M$38,"Không áp dụng") | I48: =IFERROR(E48/(D48-H48),0)
C49: 6. Tích hợp decode (ngoài lib) | D49: =COUNTIF($B$5:$B$38,C49) | E49: =COUNTIFS($B$5:$B$38,$C49,$M$5:$M$38,"Đạt") | F49: =COUNTIFS($B$5:$B$38,$C49,$M$5:$M$38,"Đang làm") | G49: =COUNTIFS($B$5:$B$38,$C49,$M$5:$M$38,"Không đạt") | H49: =COUNTIFS($B$5:$B$38,$C49,$M$5:$M$38,"Không áp dụng") | I49: =IFERROR(E49/(D49-H49),0)
C50: Tổng | D50: =SUM(D42:D49) | E50: =SUM(E42:E49) | F50: =SUM(F42:F49) | G50: =SUM(G42:G49) | H50: =SUM(H42:H49) | I50: =IFERROR(E50/(D50-H50),0)
C51: Số bước đang trễ hạn | D51: =COUNTIF(N5:N38,"Trễ *")

Sheet KPI va Gate
A1: KPI và regression gate của lib – baseline vs candidate
A2: Baseline/candidate tự lấy từ sheet nguồn (chữ đen) hoặc bạn điền (vàng). Hướng tốt: Cao = càng cao càng tốt. Dung sai = mức xấu đi tối đa so với baseline, cùng đơn vị. Decode không tính vào gate.
A4: Mã | B4: Nhóm | C4: KPI | D4: Đơn vị | E4: Hướng tốt | F4: Baseline | G4: Candidate | H4: Δ | I4: Δ % | J4: Target | K4: Dung sai | L4: Đạt target? | M4: Không thụt lùi? | N4: Kết luận | O4: CI Δ thấp | P4: CI Δ cao | Q4: Δ có ý nghĩa? | R4: Nguồn | S4: Ghi chú
A5: K01 | B5: Chất lượng | C5: F1 strict (macro, output lib) | D5: – | E5: Cao | F5: =IF('Bao cao category'!J15="","",'Bao cao category'!J15) | H5: =IF(OR(F5="",G5=""),"",G5-F5) | I5: =IF(OR(F5="",G5=""),"",IFERROR((G5-F5)/ABS(F5),"")) | K5: 0.005 | L5: =IF(OR(G5="",J5=""),"",IF(E5="Thấp",IF(G5<=J5,"Có","Không"),IF(G5>=J5,"Có","Không"))) | M5: =IF(OR(F5="",G5="",K5=""),"",IF(E5="Thấp",IF(G5<=F5+K5,"Có","Không"),IF(G5>=F5-K5,"Có","Không"))) | N5: =IF(G5="","Chưa đo",IF(OR(L5="Không",M5="Không"),"Không đạt",IF(AND(L5="",M5=""),"Chưa có tiêu chí","Đạt"))) | Q5: =IF(OR(O5="",P5=""),"",IF(OR(O5>0,P5<0),"Có","Không")) | R5: Bao cao category | S5: ="F1 gộp toàn test = "&FIXED('KQ du lieu that'!$S$37,3)&"; ô Baseline = TB 5 category. Ngưỡng "&FIXED('KQ du lieu that'!$B$11,2)&" ("&'KQ du lieu that'!$B$8&" dev, "&'KQ du lieu that'!$B$7&")"
A6: K02 | B6: Chất lượng | C6: F1 ±1 bin (macro) | D6: – | E6: Cao | F6: =IF('Bao cao category'!K15="","",'Bao cao category'!K15) | H6: =IF(OR(F6="",G6=""),"",G6-F6) | I6: =IF(OR(F6="",G6=""),"",IFERROR((G6-F6)/ABS(F6),"")) | K6: 0.005 | L6: =IF(OR(G6="",J6=""),"",IF(E6="Thấp",IF(G6<=J6,"Có","Không"),IF(G6>=J6,"Có","Không"))) | M6: =IF(OR(F6="",G6="",K6=""),"",IF(E6="Thấp",IF(G6<=F6+K6,"Có","Không"),IF(G6>=F6-K6,"Có","Không"))) | N6: =IF(G6="","Chưa đo",IF(OR(L6="Không",M6="Không"),"Không đạt",IF(AND(L6="",M6=""),"Chưa có tiêu chí","Đạt"))) | Q6: =IF(OR(O6="",P6=""),"",IF(OR(O6>0,P6<0),"Có","Không")) | R6: Bao cao category | S6: ="F1 ±1 bin gộp = "&FIXED('KQ du lieu that'!$T$37,3)
A7: K03 | B7: Chất lượng | C7: DCF (macro) | D7: – | E7: Thấp | F7: =IF('Bao cao category'!N15="","",'Bao cao category'!N15) | H7: =IF(OR(F7="",G7=""),"",G7-F7) | I7: =IF(OR(F7="",G7=""),"",IFERROR((G7-F7)/ABS(F7),"")) | K7: 0.005 | L7: =IF(OR(G7="",J7=""),"",IF(E7="Thấp",IF(G7<=J7,"Có","Không"),IF(G7>=J7,"Có","Không"))) | M7: =IF(OR(F7="",G7="",K7=""),"",IF(E7="Thấp",IF(G7<=F7+K7,"Có","Không"),IF(G7>=F7-K7,"Có","Không"))) | N7: =IF(G7="","Chưa đo",IF(OR(L7="Không",M7="Không"),"Không đạt",IF(AND(L7="",M7=""),"Chưa có tiêu chí","Đạt"))) | Q7: =IF(OR(O7="",P7=""),"",IF(OR(O7>0,P7<0),"Có","Không")) | R7: Bao cao category | S7: ="DCF gộp = "&FIXED('KQ du lieu that'!$U$37,3)&" (trọng số miss "&FIXED('KQ du lieu that'!$B$6,2)&")"
A8: K04 | B8: Chất lượng | C8: Miss rate (macro) | D8: % | E8: Thấp | F8: =IF('Bao cao category'!D15="","",'Bao cao category'!D15) | H8: =IF(OR(F8="",G8=""),"",G8-F8) | I8: =IF(OR(F8="",G8=""),"",IFERROR((G8-F8)/ABS(F8),"")) | K8: 0.01 | L8: =IF(OR(G8="",J8=""),"",IF(E8="Thấp",IF(G8<=J8,"Có","Không"),IF(G8>=J8,"Có","Không"))) | M8: =IF(OR(F8="",G8="",K8=""),"",IF(E8="Thấp",IF(G8<=F8+K8,"Có","Không"),IF(G8>=F8-K8,"Có","Không"))) | N8: =IF(G8="","Chưa đo",IF(OR(L8="Không",M8="Không"),"Không đạt",IF(AND(L8="",M8=""),"Chưa có tiêu chí","Đạt"))) | Q8: =IF(OR(O8="",P8=""),"",IF(OR(O8>0,P8<0),"Có","Không")) | R8: Bao cao category | S8: ="MR gộp = "&FIXED('KQ du lieu that'!$P$37*100,1)&"%"
A9: K05 | B9: Chất lượng | C9: False alarm rate (macro) | D9: % | E9: Thấp | F9: =IF('Bao cao category'!E15="","",'Bao cao category'!E15) | H9: =IF(OR(F9="",G9=""),"",G9-F9) | I9: =IF(OR(F9="",G9=""),"",IFERROR((G9-F9)/ABS(F9),"")) | K9: 0.01 | L9: =IF(OR(G9="",J9=""),"",IF(E9="Thấp",IF(G9<=J9,"Có","Không"),IF(G9>=J9,"Có","Không"))) | M9: =IF(OR(F9="",G9="",K9=""),"",IF(E9="Thấp",IF(G9<=F9+K9,"Có","Không"),IF(G9>=F9-K9,"Có","Không"))) | N9: =IF(G9="","Chưa đo",IF(OR(L9="Không",M9="Không"),"Không đạt",IF(AND(L9="",M9=""),"Chưa có tiêu chí","Đạt"))) | Q9: =IF(OR(O9="",P9=""),"",IF(OR(O9>0,P9<0),"Có","Không")) | R9: Bao cao category | S9: ="FAR gộp = "&FIXED('KQ du lieu that'!$Q$37*100,1)&"%"
A10: K06 | B10: Chất lượng | C10: ROC-AUC tầng A (output lib) | D10: – | E10: Cao | F10: ='KQ du lieu that'!$D$59 | H10: =IF(OR(F10="",G10=""),"",G10-F10) | I10: =IF(OR(F10="",G10=""),"",IFERROR((G10-F10)/ABS(F10),"")) | K10: 0.002 | L10: =IF(OR(G10="",J10=""),"",IF(E10="Thấp",IF(G10<=J10,"Có","Không"),IF(G10>=J10,"Có","Không"))) | M10: =IF(OR(F10="",G10="",K10=""),"",IF(E10="Thấp",IF(G10<=F10+K10,"Có","Không"),IF(G10>=F10-K10,"Có","Không"))) | N10: =IF(G10="","Chưa đo",IF(OR(L10="Không",M10="Không"),"Không đạt",IF(AND(L10="",M10=""),"Chưa có tiêu chí","Đạt"))) | Q10: =IF(OR(O10="",P10=""),"",IF(OR(O10>0,P10<0),"Có","Không")) | R10: Bước 4 | S10: ="AUC hình thang (công thức); Python chính xác = "&FIXED('KQ du lieu that'!$E$59,3)&", CI95 "&FIXED('KQ du lieu that'!$B$67,3)&"–"&FIXED('KQ du lieu that'!$C$67,3)
A11: K07 | B11: Chất lượng | C11: Event-F1 (collar 0.5 s) – output cuối là segment | D11: – | E11: Cao | F11: ='KQ du lieu that'!$C$92 | H11: =IF(OR(F11="",G11=""),"",G11-F11) | I11: =IF(OR(F11="",G11=""),"",IFERROR((G11-F11)/ABS(F11),"")) | K11: 0.01 | L11: =IF(OR(G11="",J11=""),"",IF(E11="Thấp",IF(G11<=J11,"Có","Không"),IF(G11>=J11,"Có","Không"))) | M11: =IF(OR(F11="",G11="",K11=""),"",IF(E11="Thấp",IF(G11<=F11+K11,"Có","Không"),IF(G11>=F11-K11,"Có","Không"))) | N11: =IF(G11="","Chưa đo",IF(OR(L11="Không",M11="Không"),"Không đạt",IF(AND(L11="",M11=""),"Chưa có tiêu chí","Đạt"))) | Q11: =IF(OR(O11="",P11=""),"",IF(OR(O11>0,P11<0),"Có","Không")) | R11: Bước 6 | S11: ="Python ở ngưỡng "&FIXED('KQ du lieu that'!$B$12,2)&"; phụ thuộc cách nhãn cắt đoạn"
A12: K08 | B12: Biên & file | C12: |Δonset| p95 trên nhãn mịn | D12: ms | E12: Thấp | F12: =IF('Bien va timestamp'!C9="","",'Bien va timestamp'!C9) | G12: =IF('Bien va timestamp'!D9="","",'Bien va timestamp'!D9) | H12: =IF(OR(F12="",G12=""),"",G12-F12) | I12: =IF(OR(F12="",G12=""),"",IFERROR((G12-F12)/ABS(F12),"")) | K12: 20 | L12: =IF(OR(G12="",J12=""),"",IF(E12="Thấp",IF(G12<=J12,"Có","Không"),IF(G12>=J12,"Có","Không"))) | M12: =IF(OR(F12="",G12="",K12=""),"",IF(E12="Thấp",IF(G12<=F12+K12,"Có","Không"),IF(G12>=F12-K12,"Có","Không"))) | N12: =IF(G12="","Chưa đo",IF(OR(L12="Không",M12="Không"),"Không đạt",IF(AND(L12="",M12=""),"Chưa có tiêu chí","Đạt"))) | Q12: =IF(OR(O12="",P12=""),"",IF(OR(O12>0,P12<0),"Có","Không")) | R12: Bien va timestamp
A13: K09 | B13: Biên & file | C13: |Δoffset| p95 trên nhãn mịn | D13: ms | E13: Thấp | F13: =IF('Bien va timestamp'!C11="","",'Bien va timestamp'!C11) | G13: =IF('Bien va timestamp'!D11="","",'Bien va timestamp'!D11) | H13: =IF(OR(F13="",G13=""),"",G13-F13) | I13: =IF(OR(F13="",G13=""),"",IFERROR((G13-F13)/ABS(F13),"")) | K13: 20 | L13: =IF(OR(G13="",J13=""),"",IF(E13="Thấp",IF(G13<=J13,"Có","Không"),IF(G13>=J13,"Có","Không"))) | M13: =IF(OR(F13="",G13="",K13=""),"",IF(E13="Thấp",IF(G13<=F13+K13,"Có","Không"),IF(G13>=F13-K13,"Có","Không"))) | N13: =IF(G13="","Chưa đo",IF(OR(L13="Không",M13="Không"),"Không đạt",IF(AND(L13="",M13=""),"Chưa có tiêu chí","Đạt"))) | Q13: =IF(OR(O13="",P13=""),"",IF(OR(O13>0,P13<0),"Có","Không")) | R13: Bien va timestamp
A14: K10 | B14: Biên & file | C14: Recall 1 s cuối file | D14: % | E14: Cao | F14: =IF('Bien va timestamp'!B18="","",'Bien va timestamp'!B18) | G14: =IF('Bien va timestamp'!D18="","",'Bien va timestamp'!D18) | H14: =IF(OR(F14="",G14=""),"",G14-F14) | I14: =IF(OR(F14="",G14=""),"",IFERROR((G14-F14)/ABS(F14),"")) | K14: 0.02 | L14: =IF(OR(G14="",J14=""),"",IF(E14="Thấp",IF(G14<=J14,"Có","Không"),IF(G14>=J14,"Có","Không"))) | M14: =IF(OR(F14="",G14="",K14=""),"",IF(E14="Thấp",IF(G14<=F14+K14,"Có","Không"),IF(G14>=F14-K14,"Có","Không"))) | N14: =IF(G14="","Chưa đo",IF(OR(L14="Không",M14="Không"),"Không đạt",IF(AND(L14="",M14=""),"Chưa có tiêu chí","Đạt"))) | Q14: =IF(OR(O14="",P14=""),"",IF(OR(O14>0,P14<0),"Có","Không")) | R14: Bien va timestamp
A15: K11 | B15: Biên & file | C15: Lệch đỉnh F1 khi quét shift | D15: ms | E15: Thấp | F15: =IF('Bien va timestamp'!C24="","",'Bien va timestamp'!C24) | G15: =IF('Bien va timestamp'!D24="","",'Bien va timestamp'!D24) | H15: =IF(OR(F15="",G15=""),"",G15-F15) | I15: =IF(OR(F15="",G15=""),"",IFERROR((G15-F15)/ABS(F15),"")) | K15: 0 | L15: =IF(OR(G15="",J15=""),"",IF(E15="Thấp",IF(G15<=J15,"Có","Không"),IF(G15>=J15,"Có","Không"))) | M15: =IF(OR(F15="",G15="",K15=""),"",IF(E15="Thấp",IF(G15<=F15+K15,"Có","Không"),IF(G15>=F15-K15,"Có","Không"))) | N15: =IF(G15="","Chưa đo",IF(OR(L15="Không",M15="Không"),"Không đạt",IF(AND(L15="",M15=""),"Chưa có tiêu chí","Đạt"))) | Q15: =IF(OR(O15="",P15=""),"",IF(OR(O15>0,P15<0),"Có","Không")) | R15: Bien va timestamp | S15: Đo trên output Python; xem comment Bien va timestamp!C24.
A16: K12 | B16: Biên & file | C16: FA/giờ trên audio không lời | D16: lần/giờ | E16: Thấp | F16: =IF('File dai va batch'!D37="","",'File dai va batch'!D37) | G16: =IF('File dai va batch'!F37="","",'File dai va batch'!F37) | H16: =IF(OR(F16="",G16=""),"",G16-F16) | I16: =IF(OR(F16="",G16=""),"",IFERROR((G16-F16)/ABS(F16),"")) | K16: 0.5 | L16: =IF(OR(G16="",J16=""),"",IF(E16="Thấp",IF(G16<=J16,"Có","Không"),IF(G16>=J16,"Có","Không"))) | M16: =IF(OR(F16="",G16="",K16=""),"",IF(E16="Thấp",IF(G16<=F16+K16,"Có","Không"),IF(G16>=F16-K16,"Có","Không"))) | N16: =IF(G16="","Chưa đo",IF(OR(L16="Không",M16="Không"),"Không đạt",IF(AND(L16="",M16=""),"Chưa có tiêu chí","Đạt"))) | Q16: =IF(OR(O16="",P16=""),"",IF(OR(O16>0,P16<0),"Có","Không")) | R16: File dai va batch
A17: K13 | B17: Độ bền | C17: F1 thấp nhất trong robustness sweep | D17: – | E17: Cao | F17: =Robustness!C31 | G17: =Robustness!C32 | H17: =IF(OR(F17="",G17=""),"",G17-F17) | I17: =IF(OR(F17="",G17=""),"",IFERROR((G17-F17)/ABS(F17),"")) | K17: 0.01 | L17: =IF(OR(G17="",J17=""),"",IF(E17="Thấp",IF(G17<=J17,"Có","Không"),IF(G17>=J17,"Có","Không"))) | M17: =IF(OR(F17="",G17="",K17=""),"",IF(E17="Thấp",IF(G17<=F17+K17,"Có","Không"),IF(G17>=F17-K17,"Có","Không"))) | N17: =IF(G17="","Chưa đo",IF(OR(L17="Không",M17="Không"),"Không đạt",IF(AND(L17="",M17=""),"Chưa có tiêu chí","Đạt"))) | Q17: =IF(OR(O17="",P17=""),"",IF(OR(O17>0,P17<0),"Có","Không")) | R17: Robustness
A18: K14 | B18: Độ bền | C18: Parity: % bin khác Python sau hậu xử lý | D18: % | E18: Thấp | F18: =IF(Parity!F20="","",Parity!F20) | G18: =IF(Parity!H20="","",Parity!H20) | H18: =IF(OR(F18="",G18=""),"",G18-F18) | I18: =IF(OR(F18="",G18=""),"",IFERROR((G18-F18)/ABS(F18),"")) | K18: 0.001 | L18: =IF(OR(G18="",J18=""),"",IF(E18="Thấp",IF(G18<=J18,"Có","Không"),IF(G18>=J18,"Có","Không"))) | M18: =IF(OR(F18="",G18="",K18=""),"",IF(E18="Thấp",IF(G18<=F18+K18,"Có","Không"),IF(G18>=F18-K18,"Có","Không"))) | N18: =IF(G18="","Chưa đo",IF(OR(L18="Không",M18="Không"),"Không đạt",IF(AND(L18="",M18=""),"Chưa có tiêu chí","Đạt"))) | Q18: =IF(OR(O18="",P18=""),"",IF(OR(O18>0,P18<0),"Có","Không")) | R18: Parity
A19: K15 | B19: Độ bền | C19: Test chức năng Không đạt (khi đã chạy hết) | D19: test | E19: Thấp | F19: =IF('Test chuc nang'!F39>0,"",'Test chuc nang'!F38) | G19: =IF('Test chuc nang'!G39>0,"",'Test chuc nang'!G38) | H19: =IF(OR(F19="",G19=""),"",G19-F19) | I19: =IF(OR(F19="",G19=""),"",IFERROR((G19-F19)/ABS(F19),"")) | K19: 0 | L19: =IF(OR(G19="",J19=""),"",IF(E19="Thấp",IF(G19<=J19,"Có","Không"),IF(G19>=J19,"Có","Không"))) | M19: =IF(OR(F19="",G19="",K19=""),"",IF(E19="Thấp",IF(G19<=F19+K19,"Có","Không"),IF(G19>=F19-K19,"Có","Không"))) | N19: =IF(G19="","Chưa đo",IF(OR(L19="Không",M19="Không"),"Không đạt",IF(AND(L19="",M19=""),"Chưa có tiêu chí","Đạt"))) | Q19: =IF(OR(O19="",P19=""),"",IF(OR(O19>0,P19<0),"Có","Không")) | R19: Test chuc nang
A20: K16 | B20: Hiệu năng | C20: RTF mean | D20: – | E20: Thấp | F20: =IF(Performance!C36="","",Performance!C36) | G20: =IF(Performance!F36="","",Performance!F36) | H20: =IF(OR(F20="",G20=""),"",G20-F20) | I20: =IF(OR(F20="",G20=""),"",IFERROR((G20-F20)/ABS(F20),"")) | K20: 0.005 | L20: =IF(OR(G20="",J20=""),"",IF(E20="Thấp",IF(G20<=J20,"Có","Không"),IF(G20>=J20,"Có","Không"))) | M20: =IF(OR(F20="",G20="",K20=""),"",IF(E20="Thấp",IF(G20<=F20+K20,"Có","Không"),IF(G20>=F20-K20,"Có","Không"))) | N20: =IF(G20="","Chưa đo",IF(OR(L20="Không",M20="Không"),"Không đạt",IF(AND(L20="",M20=""),"Chưa có tiêu chí","Đạt"))) | Q20: =IF(OR(O20="",P20=""),"",IF(OR(O20>0,P20<0),"Có","Không")) | R20: Performance
A21: K17 | B21: Hiệu năng | C21: RTF p95 | D21: – | E21: Thấp | F21: =IF(Performance!C37="","",Performance!C37) | G21: =IF(Performance!F37="","",Performance!F37) | H21: =IF(OR(F21="",G21=""),"",G21-F21) | I21: =IF(OR(F21="",G21=""),"",IFERROR((G21-F21)/ABS(F21),"")) | K21: 0.005 | L21: =IF(OR(G21="",J21=""),"",IF(E21="Thấp",IF(G21<=J21,"Có","Không"),IF(G21>=J21,"Có","Không"))) | M21: =IF(OR(F21="",G21="",K21=""),"",IF(E21="Thấp",IF(G21<=F21+K21,"Có","Không"),IF(G21>=F21-K21,"Có","Không"))) | N21: =IF(G21="","Chưa đo",IF(OR(L21="Không",M21="Không"),"Không đạt",IF(AND(L21="",M21=""),"Chưa có tiêu chí","Đạt"))) | Q21: =IF(OR(O21="",P21=""),"",IF(OR(O21>0,P21<0),"Có","Không")) | R21: Performance
A22: K18 | B22: Hiệu năng | C22: Thời gian CPU cho 1 phút audio | D22: s | E22: Thấp | F22: =IF(Performance!C46="","",Performance!C46) | G22: =IF(Performance!F46="","",Performance!F46) | H22: =IF(OR(F22="",G22=""),"",G22-F22) | I22: =IF(OR(F22="",G22=""),"",IFERROR((G22-F22)/ABS(F22),"")) | K22: 0.2 | L22: =IF(OR(G22="",J22=""),"",IF(E22="Thấp",IF(G22<=J22,"Có","Không"),IF(G22>=J22,"Có","Không"))) | M22: =IF(OR(F22="",G22="",K22=""),"",IF(E22="Thấp",IF(G22<=F22+K22,"Có","Không"),IF(G22>=F22-K22,"Có","Không"))) | N22: =IF(G22="","Chưa đo",IF(OR(L22="Không",M22="Không"),"Không đạt",IF(AND(L22="",M22=""),"Chưa có tiêu chí","Đạt"))) | Q22: =IF(OR(O22="",P22=""),"",IF(OR(O22>0,P22<0),"Có","Không")) | R22: Performance
A23: K19 | B23: Hiệu năng | C23: Năng lượng cho 1 phút audio | D23: J | E23: Thấp | F23: =IF(Performance!C51="","",Performance!C51) | G23: =IF(Performance!F51="","",Performance!F51) | H23: =IF(OR(F23="",G23=""),"",G23-F23) | I23: =IF(OR(F23="",G23=""),"",IFERROR((G23-F23)/ABS(F23),"")) | K23: 0.5 | L23: =IF(OR(G23="",J23=""),"",IF(E23="Thấp",IF(G23<=J23,"Có","Không"),IF(G23>=J23,"Có","Không"))) | M23: =IF(OR(F23="",G23="",K23=""),"",IF(E23="Thấp",IF(G23<=F23+K23,"Có","Không"),IF(G23>=F23-K23,"Có","Không"))) | N23: =IF(G23="","Chưa đo",IF(OR(L23="Không",M23="Không"),"Không đạt",IF(AND(L23="",M23=""),"Chưa có tiêu chí","Đạt"))) | Q23: =IF(OR(O23="",P23=""),"",IF(OR(O23>0,P23<0),"Có","Không")) | R23: Performance
A24: K20 | B24: Hiệu năng | C24: Peak RSS với file 60 phút | D24: MB | E24: Thấp | F24: =IF('File dai va batch'!C23="","",'File dai va batch'!C23) | G24: =IF('File dai va batch'!D23="","",'File dai va batch'!D23) | H24: =IF(OR(F24="",G24=""),"",G24-F24) | I24: =IF(OR(F24="",G24=""),"",IFERROR((G24-F24)/ABS(F24),"")) | K24: 5 | L24: =IF(OR(G24="",J24=""),"",IF(E24="Thấp",IF(G24<=J24,"Có","Không"),IF(G24>=J24,"Có","Không"))) | M24: =IF(OR(F24="",G24="",K24=""),"",IF(E24="Thấp",IF(G24<=F24+K24,"Có","Không"),IF(G24>=F24-K24,"Có","Không"))) | N24: =IF(G24="","Chưa đo",IF(OR(L24="Không",M24="Không"),"Không đạt",IF(AND(L24="",M24=""),"Chưa có tiêu chí","Đạt"))) | Q24: =IF(OR(O24="",P24=""),"",IF(OR(O24>0,P24<0),"Có","Không")) | R24: File dai va batch
A25: K21 | B25: Hiệu năng | C25: RSS tăng theo độ dài file | D25: MB/phút | E25: Thấp | F25: =IF('File dai va batch'!C22="","",'File dai va batch'!C22) | G25: =IF('File dai va batch'!D22="","",'File dai va batch'!D22) | H25: =IF(OR(F25="",G25=""),"",G25-F25) | I25: =IF(OR(F25="",G25=""),"",IFERROR((G25-F25)/ABS(F25),"")) | K25: 0.1 | L25: =IF(OR(G25="",J25=""),"",IF(E25="Thấp",IF(G25<=J25,"Có","Không"),IF(G25>=J25,"Có","Không"))) | M25: =IF(OR(F25="",G25="",K25=""),"",IF(E25="Thấp",IF(G25<=F25+K25,"Có","Không"),IF(G25>=F25-K25,"Có","Không"))) | N25: =IF(G25="","Chưa đo",IF(OR(L25="Không",M25="Không"),"Không đạt",IF(AND(L25="",M25=""),"Chưa có tiêu chí","Đạt"))) | Q25: =IF(OR(O25="",P25=""),"",IF(OR(O25>0,P25<0),"Có","Không")) | R25: File dai va batch
A26: K22 | B26: Hiệu năng | C26: RSS tăng mỗi 100 file | D26: MB | E26: Thấp | F26: =IF('File dai va batch'!C25="","",'File dai va batch'!C25) | G26: =IF('File dai va batch'!D25="","",'File dai va batch'!D25) | H26: =IF(OR(F26="",G26=""),"",G26-F26) | I26: =IF(OR(F26="",G26=""),"",IFERROR((G26-F26)/ABS(F26),"")) | K26: 0.5 | L26: =IF(OR(G26="",J26=""),"",IF(E26="Thấp",IF(G26<=J26,"Có","Không"),IF(G26>=J26,"Có","Không"))) | M26: =IF(OR(F26="",G26="",K26=""),"",IF(E26="Thấp",IF(G26<=F26+K26,"Có","Không"),IF(G26>=F26-K26,"Có","Không"))) | N26: =IF(G26="","Chưa đo",IF(OR(L26="Không",M26="Không"),"Không đạt",IF(AND(L26="",M26=""),"Chưa có tiêu chí","Đạt"))) | Q26: =IF(OR(O26="",P26=""),"",IF(OR(O26>0,P26<0),"Có","Không")) | R26: File dai va batch
A27: K23 | B27: Hiệu năng | C27: Kích thước lib.so | D27: KB | E27: Thấp | F27: =IF(Performance!C61="","",Performance!C61) | G27: =IF(Performance!F61="","",Performance!F61) | H27: =IF(OR(F27="",G27=""),"",G27-F27) | I27: =IF(OR(F27="",G27=""),"",IFERROR((G27-F27)/ABS(F27),"")) | K27: 0 | L27: =IF(OR(G27="",J27=""),"",IF(E27="Thấp",IF(G27<=J27,"Có","Không"),IF(G27>=J27,"Có","Không"))) | M27: =IF(OR(F27="",G27="",K27=""),"",IF(E27="Thấp",IF(G27<=F27+K27,"Có","Không"),IF(G27>=F27-K27,"Có","Không"))) | N27: =IF(G27="","Chưa đo",IF(OR(L27="Không",M27="Không"),"Không đạt",IF(AND(L27="",M27=""),"Chưa có tiêu chí","Đạt"))) | Q27: =IF(OR(O27="",P27=""),"",IF(OR(O27>0,P27<0),"Có","Không")) | R27: Performance
A28: K24 | B28: Hiệu năng | C28: Kích thước model | D28: KB | E28: Thấp | F28: =IF(Performance!C60="","",Performance!C60) | G28: =IF(Performance!F60="","",Performance!F60) | H28: =IF(OR(F28="",G28=""),"",G28-F28) | I28: =IF(OR(F28="",G28=""),"",IFERROR((G28-F28)/ABS(F28),"")) | K28: 0 | L28: =IF(OR(G28="",J28=""),"",IF(E28="Thấp",IF(G28<=J28,"Có","Không"),IF(G28>=J28,"Có","Không"))) | M28: =IF(OR(F28="",G28="",K28=""),"",IF(E28="Thấp",IF(G28<=F28+K28,"Có","Không"),IF(G28>=F28-K28,"Có","Không"))) | N28: =IF(G28="","Chưa đo",IF(OR(L28="Không",M28="Không"),"Không đạt",IF(AND(L28="",M28=""),"Chưa có tiêu chí","Đạt"))) | Q28: =IF(OR(O28="",P28=""),"",IF(OR(O28>0,P28<0),"Có","Không")) | R28: Performance
A29: K25 | B29: Hiệu năng | C29: Thời gian init | D29: ms | E29: Thấp | F29: =IF(Performance!C40="","",Performance!C40) | G29: =IF(Performance!F40="","",Performance!F40) | H29: =IF(OR(F29="",G29=""),"",G29-F29) | I29: =IF(OR(F29="",G29=""),"",IFERROR((G29-F29)/ABS(F29),"")) | K29: 10 | L29: =IF(OR(G29="",J29=""),"",IF(E29="Thấp",IF(G29<=J29,"Có","Không"),IF(G29>=J29,"Có","Không"))) | M29: =IF(OR(F29="",G29="",K29=""),"",IF(E29="Thấp",IF(G29<=F29+K29,"Có","Không"),IF(G29>=F29-K29,"Có","Không"))) | N29: =IF(G29="","Chưa đo",IF(OR(L29="Không",M29="Không"),"Không đạt",IF(AND(L29="",M29=""),"Chưa có tiêu chí","Đạt"))) | Q29: =IF(OR(O29="",P29=""),"",IF(OR(O29>0,P29<0),"Có","Không")) | R29: Performance
C31: Tổng hợp gate
C32: Đạt | D32: =COUNTIF($N$5:$N$29,"Đạt")
C33: Không đạt | D33: =COUNTIF($N$5:$N$29,"Không đạt")
C34: Chưa đo | D34: =COUNTIF($N$5:$N$29,"Chưa đo")
C35: Chưa có tiêu chí | D35: =COUNTIF($N$5:$N$29,"Chưa có tiêu chí")
C36: Kết luận chung | D36: =IF(D33>0,"KHÔNG ĐẠT",IF(D34+D35>0,"CHƯA ĐỦ DỮ LIỆU","ĐẠT"))
A38: CI Δ = khoảng tin cậy 95% của (candidate − baseline) từ paired bootstrap theo file. "Có ý nghĩa" khi khoảng không chứa 0.

Sheet Snapshot
A1: Snapshot baseline – cấu hình được đóng băng
A2: Mọi số liệu baseline phải truy được về đúng cấu hình này. Cột vàng = bạn điền; cột 'Thay đổi?' tự đánh dấu mục candidate khác baseline.
A4: Nhóm | B4: Hạng mục | C4: Baseline | D4: Candidate | E4: Thay đổi? | F4: Ghi chú
A5: Chung | B5: Tên phiên bản / git tag | E5: =IF(D5="","",IF(D5=C5,"","Đổi"))
A6: Chung | B6: Ngày chốt | E6: =IF(D6="","",IF(D6=C6,"","Đổi")) | F6: Định dạng dd/mm/yyyy
A7: Chung | B7: Người chốt | E7: =IF(D7="","",IF(D7=C7,"","Đổi"))
A8: Model | B8: File model | E8: =IF(D8="","",IF(D8=C8,"","Đổi"))
A9: Model | B9: SHA256 file model | E9: =IF(D9="","",IF(D9=C9,"","Đổi")) | F9: sha256sum <model>
A10: Model | B10: Kiến trúc | C10: YAMNet transfer learning, 2 lớp | E10: =IF(D10="","",IF(D10=C10,"","Đổi")) | F10: Theo cấu hình hiện tại
A11: Model | B11: Kiểu số (float32 / fp16 / int8) | E11: =IF(D11="","",IF(D11=C11,"","Đổi"))
A12: Lib | B12: Commit lib.so | E12: =IF(D12="","",IF(D12=C12,"","Đổi"))
A13: Lib | B13: Compiler & build flags | E13: =IF(D13="","",IF(D13=C13,"","Đổi")) | F13: vd clang, -O3, LTO, strip
A14: Lib | B14: Runtime & version (TFLite / ONNX, delegate) | E14: =IF(D14="","",IF(D14=C14,"","Đổi"))
A15: Input lib | B15: Input PCM chấp nhận (sample rate, số kênh, kiểu mẫu) | E15: =IF(D15="","",IF(D15=C15,"","Đổi")) | F15: Hợp đồng giữa app và lib; decode nằm ngoài lib
A16: Input lib | B16: Độ dài input tối đa | E16: =IF(D16="","",IF(D16=C16,"","Đổi")) | F16: Giới hạn theo RAM, xem File dai va batch
A17: Tiền xử lý | B17: Resampler (thư viện, chất lượng) | E17: =IF(D17="","",IF(D17=C17,"","Đổi")) | F17: Phải khớp tiền xử lý lúc train
A18: Tiền xử lý | B18: Cách downmix | E18: =IF(D18="","",IF(D18=C18,"","Đổi")) | F18: vd trung bình các kênh / lấy kênh 0
A19: Tham số | B19: Sample rate model (Hz) | C19: 16000 | E19: =IF(D19="","",IF(D19=C19,"","Đổi")) | F19: Theo checklist mục 5c
A20: Tham số | B20: Window (s) | C20: 0.96 | E20: =IF(D20="","",IF(D20=C20,"","Đổi")) | F20: YAMNet
A21: Tham số | B21: Hop (s) | C21: 0.08 | E21: =IF(D21="","",IF(D21=C21,"","Đổi"))
A22: Tham số | B22: Xử lý cửa sổ cuối (< 0.96 s) | C22: Bỏ phần dư (chỉ cửa sổ đủ 15 600 mẫu) | E22: =IF(D22="","",IF(D22=C22,"","Đổi")) | F22: Pad 0 / bỏ / cửa sổ lùi về cuối file
A23: Tham số | B23: Cách gộp score overlap | C23: trọng số tam giác theo tâm cửa sổ + làm mượt trung bình 5 hop | E23: =IF(D23="","",IF(D23=C23,"","Đổi")) | F23: Mean / max / median / trọng số – xem Ablation mục B
A24: Tham số | B24: Ngưỡng quyết định | C24: ='KQ du lieu that'!$B$11 | E24: =IF(D24="","",IF(D24=C24,"","Đổi")) | F24: Youden trên dữ liệu thiết kế – thay bằng ngưỡng chọn trên dev (Bước 5)
A25: Tham số | B25: Pad trước (ms) | C25: 100 | E25: =IF(D25="","",IF(D25=C25,"","Đổi")) | F25: Cấu hình A4
A26: Tham số | B26: Pad sau (ms) | C26: 120 | E26: =IF(D26="","",IF(D26=C26,"","Đổi")) | F26: Cấu hình A4
A27: Tham số | B27: Drop: độ dài segment tối thiểu (ms) | C27: 0 | E27: =IF(D27="","",IF(D27=C27,"","Đổi")) | F27: Xem Ablation mục C
A28: Tham số | B28: Merge gap (ms) | C28: 500 | E28: =IF(D28="","",IF(D28=C28,"","Đổi")) | F28: Cấu hình A4
A29: Tham số | B29: Thứ tự hậu xử lý | C29: padding → drop → merge | E29: =IF(D29="","",IF(D29=C29,"","Đổi")) | F29: Theo mô tả pipeline – kiểm tra lại; xem Ablation mục D
A30: Tham số | B30: Rebin để so GT (s) | C30: 0.5 | E30: =IF(D30="","",IF(D30=C30,"","Đổi"))
A31: Dữ liệu | B31: Version tập dev | C31: Nhãn trong C:/Users/leuhu/OneDrive/Máy tính/test/data/AAA/Ground_truth; chia theo file, phân tầng category, seed 3 | E31: =IF(D31="","",IF(D31=C31,"","Đổi"))
A32: Dữ liệu | B32: Version tập test | C32: Nhãn trong C:/Users/leuhu/OneDrive/Máy tính/test/data/AAA/Ground_truth; chia theo file, phân tầng category, seed 3 | E32: =IF(D32="","",IF(D32=C32,"","Đổi"))
A33: Dữ liệu | B33: Số file dev / test | C33: =COUNTIFS('DL theo file'!$C$5:$C$148,"dev")&" / "&COUNTIFS('DL theo file'!$C$5:$C$148,"test") | E33: =IF(D33="","",IF(D33=C33,"","Đổi"))
A34: Dữ liệu | B34: Tổng giờ audio test | C34: =SUMIFS('DL theo file'!$D$5:$D$148,'DL theo file'!$C$5:$C$148,"test")/3600 | E34: =IF(D34="","",IF(D34=C34,"","Đổi"))
A35: Dữ liệu | B35: Version tập nhãn mịn (10–20 ms) | E35: =IF(D35="","",IF(D35=C35,"","Đổi")) | F35: Dùng cho sheet Bien va timestamp
A36: Dữ liệu | B36: Version tập non-speech dài | E36: =IF(D36="","",IF(D36=C36,"","Đổi")) | F36: Dùng cho sheet File dai va batch
A37: Đánh giá | B37: Commit script đánh giá | C37: evaluate_real.py + make_excel_real.py (vad_demo) | E37: =IF(D37="","",IF(D37=C37,"","Đổi"))
A38: Đánh giá | B38: Bootstrap: seed / số lần lặp | C38: 0 / 1000 | E38: =IF(D38="","",IF(D38=C38,"","Đổi")) | F38: vd 42 / 1000
A39: Đánh giá | B39: Thiết bị đo hiệu năng | E39: =IF(D39="","",IF(D39=C39,"","Đổi")) | F39: Chi tiết ở sheet Performance, mục A
A40: Tích hợp | B40: Decoder phía app & version | E40: =IF(D40="","",IF(D40=C40,"","Đổi")) | F40: ffmpeg / MediaCodec / AVFoundation / minimp3…
A41: Tích hợp | B41: Có bù encoder delay / priming (gapless) không | E41: =IF(D41="","",IF(D41=C41,"","Đổi")) | F41: Xem Tich hop decode mục B

Sheet Quy trinh 8 buoc
A1: Quy trình đánh giá VAD (bin 0.5s, có hậu xử lý)
A2: Cột vàng = bạn điền. Trạng thái chọn từ danh sách.
A4: Bước | B4: Tên bước | C4: Mục tiêu | D4: Việc cần làm | E4: Đầu ra | F4: Công cụ | G4: Trạng thái | H4: Ghi chú
A5: 1 | B5: Chia dữ liệu | C5: Tránh rò rỉ, đánh giá trung thực | D5: Chia dev ~30% / test ~70% theo nguồn gốc bản ghi (không theo clip); phân tầng theo category; bổ sung tập thật/khó (tự thu hoặc AVA-Speech). | E5: Danh sách file dev/test + cột group | F5: sklearn StratifiedGroupKFold, GroupShuffleSplit | G5: Đạt | H5: Dev 43 / test 101 file, chia theo file, phân tầng category (seed 3). Không có metadata nguồn để chia theo nhóm.
A6: 2 | B6: Chuẩn hóa GT | C6: Nhãn bin 0.5s rõ ràng, có cờ biên | D6: Tính frac_speech mỗi bin; gắn cờ bin biên (±1 bin) và bin mơ hồ; quy tắc rebin model trùng quy tắc tạo GT; gắn metadata (category, SNR, loại nền, loại giọng). | E6: Bảng bin: file, bin, y, frac, is_boundary, is_ambiguous, metadata | F6: numpy, pandas | G6: Đạt | H6: Bin 0.5 s từ nhãn chính; cờ biên ±1 bin.
A7: 3 | B7: Kiểm tra alignment & rò rỉ | C7: Loại lỗi pipeline trước khi đo | D7: Chạy sheet 'Kiem tra du lieu' (mục 5a–5e, 2a–2c): ghép file, thời lượng, 16 kHz mono, offset +0.48s, quét shift ±1s. | E7: Bảng cờ theo file; đồ thị F1 theo shift | F7: vadqc.py, soundfile, librosa | G7: Đang làm | H7: Alignment 5a–5e xong. Rò rỉ 2a–2c chưa làm (thiếu metadata).
A8: 4 | B8: Tầng A – điểm thô | C8: Đo khả năng phân biệt nội tại | D8: ROC-AUC, PR-AUC, DET, TPR@FPR=1%/5%, reliability diagram; micro + macro theo file/category; trên 3 tập bin: tất cả / không biên / rõ ràng. | E8: Bảng metric tầng A + ROC/PR/DET | F8: sklearn.metrics | G8: Đạt | H8: KQ du lieu that mục F: AUC, PR-AUC, TPR@FPR bằng công thức; tất cả / không biên. Chưa vẽ reliability diagram.
A9: 5 | B9: Chọn ngưỡng trên dev | C9: Điểm vận hành phù hợp ứng dụng | D9: Quét ngưỡng qua TOÀN pipeline trên dev; tối thiểu DCF hoặc cố định FAR; ghi lại ngưỡng Youden tầng A để so sánh; bootstrap CI của ngưỡng. | E9: Ngưỡng cố định cho test + CI | F9: numpy, sklearn | G9: Đang làm | H9: KQ du lieu that mục A, E: ngưỡng chọn bằng công thức theo tiêu chí ở B8. Cần chốt tiêu chí (DCF hay FAR cố định).
A10: 6 | B10: Tầng B – đầu ra cuối (test) | C10: Đo hiệu năng người dùng cảm nhận | D10: MR, FAR, F1, DCF, DetER ở 3 chế độ (strict / ±1 bin / chỉ biên); tách FEC/MSC/OVER/NDS; event-F1 (t_collar=0.5s); fragmentation/over-merge; histogram Δonset/Δoffset. | E10: Sheet 'Bao cao category' + đồ thị | F10: pyannote.metrics, sed_eval | G10: Đạt | H10: KQ du lieu that mục B, C, I: MR/FAR/F1/DCF 3 chế độ, FEC/MSC/OVER/NDS, event-F1, Δbiên. Chưa tính DetER.
A11: 7 | B11: Ablation hậu xử lý | C11: Quy trách nhiệm lỗi model vs hậu xử lý | D11: Chạy A0–A4 và lưới quét pad/merge (sheet 'Ablation'); đếm riêng gap GT ≤1s bị lấp. | E11: Bảng ablation + heatmap F1(pad, merge) | F11: script nội bộ | G11: Đạt | H11: KQ du lieu that mục D + heatmap DCF (Hinh du lieu that, hình 3).
A12: 8 | B12: Báo cáo | C12: Kết quả có CI, phân tầng, có giải thích | D12: Mỗi metric kèm CI 95% bootstrap theo file; bảng per-category; top-K file lỗi đã nghe kiểm tra kèm nguyên nhân; báo cả số tổng hợp và số dữ liệu thật. | E12: Báo cáo cuối | F12: matplotlib | G12: Đang làm | H12: Có CI + per-category. Chưa nghe kiểm tra top-K (mục J).
A14: Tiến độ | B14: =COUNTIF(G5:G12,"Đạt")/(COUNTA(G5:G12)-COUNTIF(G5:G12,"Không áp dụng")) | C14: Tỷ lệ = số bước 'Đạt' / số bước áp dụng

Sheet Metrics
A1: Danh mục metric
A2: Tầng A = điểm thô trước hậu xử lý; Tầng B = đầu ra nhị phân sau hậu xử lý. Tầng C = hiệu năng lib; tầng S = biên, file, parity; tầng I = tích hợp decode (ngoài lib).
A4: Tầng | B4: Metric | C4: Định nghĩa / công thức | D4: Ý nghĩa | E4: Công cụ | F4: Chế độ báo cáo
A5: A | B5: ROC-AUC | C5: Diện tích dưới đường ROC | D5: Khả năng xếp hạng speech > non-speech | E5: roc_auc_score | F5: micro + macro; tất cả / không biên / rõ ràng
A6: A | B6: PR-AUC (AP) | C6: Diện tích dưới đường Precision-Recall | D6: Phản ánh đúng hơn khi mất cân bằng lớp | E6: average_precision_score | F6: micro + macro
A7: A | B7: DET curve | C7: FNR vs FPR trên trục normal deviate | D7: Chuẩn ngành speech, rõ vùng FAR thấp | E7: det_curve, DetCurveDisplay | F7: micro
A8: A | B8: TPR @ FPR cố định | C8: TPR khi FPR = 1% / 5% | D8: Điểm vận hành thực tế | E8: roc_curve | F8: micro
A9: A | B9: Calibration (ECE, Brier) | C9: Reliability diagram; Brier = mean((p−y)²) | D9: Score có dùng như xác suất được không | E9: calibration_curve, brier_score_loss | F9: micro
A10: B | B10: Miss rate (MR) | C10: FN / tổng bin speech GT | D10: Bỏ sót speech | E10: tự tính / pyannote | F10: strict / ±1 bin / chỉ biên
A11: B | B11: False alarm rate (FAR) | C11: FP / tổng bin non-speech GT | D11: Báo nhầm speech | E11: tự tính / pyannote | F11: strict / ±1 bin / chỉ biên
A12: B | B12: Precision / Recall / F1 | C12: Theo bin, lớp speech | D12: Chất lượng tổng thể | E12: sklearn | F12: strict / ±1 bin
A13: B | B13: Specificity, Balanced acc. | C13: TN/(TN+FP); (TPR+TNR)/2 | D13: Ít phụ thuộc tỉ lệ lớp | E13: sklearn | F13: strict / ±1 bin
A14: B | B14: Detection Error Rate | C14: (FA + Miss) / tổng speech | D14: Chuẩn pyannote | E14: pyannote DetectionErrorRate(collar=1.0) | F14: strict / collar
A15: B | B15: DCF | C15: 0.75·MR + 0.25·FAR | D15: Chuẩn NIST OpenSAT, phạt miss nặng hơn | E15: pyannote DetectionCostFunction | F15: strict / ±1 bin
... A31: I | B31: Lệch timestamp decode | C31: Lag cross-correlation giữa PCM decode và wav gốc | D31: Encoder delay / priming làm lệch mọi segment | E31: script, ffmpeg | F31: ms theo định dạng

Sheet Kiem tra du lieu
A1: Checklist kiểm tra chất lượng dữ liệu (Bước 8)
A2: Thứ tự khuyến nghị: 5 → 1 → 2 → 3 → 4. Ngưỡng là ngưỡng thực hành, hãy tự hiệu chỉnh. Cột vàng = bạn điền.
A4: Mã | B4: Nhóm | C4: Kiểm tra | D4: Cách đo | E4: Ngưỡng cảnh báo | F4: Hành động khi bị gắn cờ | G4: Kết quả đo | H4: Trạng thái | I4: Ghi chú
A5: 5a | B5: Căn chỉnh | C5: Ghép file Model↔GT | D5: pair_files: thiếu, dư, sai category | E5: Bất kỳ lỗi nào | F5: Sửa tên/đường dẫn trước mọi bước khác | G5: 144 file ghép đủ output model ↔ nhãn ↔ audio; 0 vấn đề | H5: Đạt
A6: 5b | B6: Căn chỉnh | C6: Thời lượng / số bin | D6: wav_dur vs n_bins×0.5; last_end của model | E6: Lệch > 1 bin | F6: Kiểm tra cắt clip, padding cuối file | G6: 0 file lệch số bin / số cửa sổ / thời lượng | H6: Đạt | I6: n_bins = floor(thời lượng / 0.5)
A7: 5c | B7: Căn chỉnh | C7: Định dạng audio | D7: sr = 16000, mono, biên độ [-1,1] | E7: Khác | F7: Resample (librosa), chạy lại YAMNet | G7: 144/144 file 16 kHz mono | H7: Đạt
A8: 5d | B8: Căn chỉnh | C8: Hop / cửa sổ | D8: diff(start) = 0.08; end − start = 0.96 | E8: Sai | F8: Sửa script xuất file | G8: hop sai 0, cửa sổ sai 0, score ngoài [0,1] 0 | H8: Đạt
A9: 5e | B9: Căn chỉnh | C9: Offset tâm cửa sổ | D9: Quét shift ±1s, bước 0.08s; cross-correlation theo file | E9: Đỉnh F1 lệch 0 quá ±0.08s | F9: Cộng +0.48s; đánh giá lại | G9: Đỉnh F1 (thr 0.5) +80 ms trên nhãn chính; đỉnh AUC trên nhãn chính xác (val tổng hợp) +0 ms | H9: Đạt | I9: Dùng val tổng hợp (nhãn chính xác) làm mốc; AUC trên nhãn chính tăng 0.0010 nếu dịch; 46 file |lag| ≥ 0.4 s (xem tương quan đỉnh).
A10: 1a | B10: Phân bố | C10: File suy biến | D10: Tỉ lệ speech = 0 hoặc 1 | E10: > 5–10% số file | F10: Loại khỏi chỉ số per-file; báo riêng | G10: ='KQ du lieu that'!$B$75&"/"&'KQ du lieu that'!$B$73&" file ("&FIXED('KQ du lieu that'!$B$76*100,1)&"%) chỉ có 1 lớp" | H10: =IF('KQ du lieu that'!$B$76>0.1,"Không đạt","Đạt") | I10: Loại khỏi AUC theo file; giữ trong chỉ số gộp. Quy tắc: > 10% -> Không đạt.
A11: 1b | B11: Phân bố | C11: File cực đoan | D11: Tỉ lệ speech < 0.1 hoặc > 0.9 | E11: > 30% số file | F11: Cân bằng lại khi sinh dữ liệu | G11: =FIXED('KQ du lieu that'!$B$77*100,1)&"% file có tỉ lệ speech < 0.1 hoặc > 0.9" | H11: =IF('KQ du lieu that'!$B$77>0.3,"Không đạt","Đạt")
A12: 1c | B12: Phân bố | C12: Độ phức tạp thời gian | D12: #transitions, độ dài đoạn, % bin biên | E12: Trung vị transitions ≤ 1 | F12: Thêm clip nhiều chuyển trạng thái | G12: ="Trung vị "&FIXED('KQ du lieu that'!$B$78,1)&" lần chuyển trạng thái / file" | H12: =IF('KQ du lieu that'!$B$78<=1,"Không đạt","Đạt")
A13: 1d | B13: Phân bố | C13: AUC pooled vs theo file | D13: Chênh lệch; AUC file tệ nhất | E13: Chênh > 0.005; file < 0.9 | F13: Xem timeline các file tệ | G13: ="AUC gộp "&FIXED('KQ du lieu that'!$B$79,3)&" vs macro theo file "&FIXED('KQ du lieu that'!$B$80,3)&"; "&'KQ du lieu that'!$B$83&" file < 0.9, tệ nhất "&FIXED('KQ du lieu that'!$B$85,3)&" ("&'KQ du lieu that'!$B$86&")" | H13: =IF(OR(ABS('KQ du lieu that'!$B$82)>0.005,'KQ du lieu that'!$B$83>0),"Không đạt","Đạt") | I13: Xem Hinh du lieu that, hình 1 và 4.
A14: 2a | B14: Rò rỉ | C14: Rò rỉ theo metadata | D14: Union-find trên speech_src/noise_src/speaker; #nhóm vắt qua 2 phía | E14: > 0 | F14: Chia lại bằng StratifiedGroupKFold | G14: Chưa có metadata nguồn / người nói; dev/test chia theo file, phân tầng category | H14: Chưa làm
A15: 2b | B15: Rò rỉ | C15: Trùng / gần trùng | D15: MD5, Chromaprint, cosine embedding YAMNet | E15: Vượt τ đã hiệu chỉnh | F15: Gộp nhóm hoặc bỏ khỏi test | H15: Chưa làm
A16: 2c | B16: Rò rỉ | C16: Tác động của rò rỉ | D16: AUC nhóm 'đã thấy' vs 'mới'; retrain theo nhóm | E16: ΔAUC ≥ 0.01 | F16: Báo con số sau khi chia theo nhóm | G16: Cần danh sách nguồn dữ liệu train để đối chiếu | H16: Chưa làm
A17: 3a | B17: Nhãn | C17: Đồng thuận nhãn | D17: Cohen/Fleiss κ (biên vs trong), PABAK, lệch biên (ms) | E17: κ trong < 0.9; median lệch > 250ms | F17: Viết lại hướng dẫn, gán nhãn lại | G17: Không có người gán nhãn thứ 2 | H17: Chưa làm | I17: Thêm --label2 (nhãn người gán 2) khi chạy evaluate_real.py
A18: 3b | B18: Nhãn | C18: Nhãn đáng ngờ | D18: cleanlab (out-of-fold) + quy tắc tự tin | E18: — | F18: Nghe lại 30–50 bin đầu danh sách | G18: 994 đoạn / 2843 bin điểm trái ngược mạnh với nhãn | H18: Đang làm | I18: KQ du lieu that mục J; đủ danh sách: results_test/suspicious.csv
A19: 4a | B19: Độ khó | C19: Độ tách điểm số | D19: % bin 0.1<p<0.9; đường F1 theo ngưỡng | E19: < 2% và F1 phẳng | F19: Thêm hard negative / SNR thấp | G19: 23.9% bin có 0.1<p<0.9; F1 thay đổi 0.011 trong ngưỡng 0.2–0.9 | H19: Đạt
A20: 4b | B20: Độ khó | C20: Hard negative | D20: Số giây theo loại non-speech | E20: Không có nhạc có lời/TV/cười | F20: Bổ sung (vd. MUSAN có vocal) | G20: Category: Asm, Babble, Clean, Music, Noise | H20: Đang làm | I20: Kiểm tra thủ công có đủ nền khó: nhạc có lời, đám đông, TV, tiếng cười
A21: 4c | B21: Độ khó | C21: Phân bố SNR | D21: Histogram SNR; AUC theo bucket | E21: > 80% ở trên 15 dB | F21: Sinh thêm dữ liệu 0–10 dB | G21: Không có metadata SNR | H21: Chưa làm
A22: 4d | B22: Độ khó | C22: Kiểm chứng thực tế | D22: Đánh giá trên bộ test thật | E22: Chênh lớn so với dữ liệu tổng hợp | F22: Báo cả hai; ưu tiên số thực | G22: ="AUC val tổng hợp "&FIXED('KQ du lieu that'!$B$68,3)&" vs test "&FIXED('KQ du lieu that'!$D$59,3) | H22: Đạt | I22: Báo cả hai; ưu tiên số thật
B24: Tổng hợp
B25: Đạt | C25: =COUNTIF($H$5:$H$22,B25)
B26: Không đạt | C26: =COUNTIF($H$5:$H$22,B26)
B27: Đang làm | C27: =COUNTIF($H$5:$H$22,B27)
B28: Chưa làm | C28: =COUNTIF($H$5:$H$22,B28)
B29: Không áp dụng | C29: =COUNTIF($H$5:$H$22,B29)
B30: % hoàn thành | C30: =IFERROR((C25+C26)/(COUNTA(H5:H22)-C29),0)

Sheet Ablation
A1: Ablation hậu xử lý
A2: Điền MR, FAR, F1 (dạng thập phân, vd 0.05 = 5%). DCF và Δ được tính tự động. Hàng xám = ví dụ minh họa, hãy ghi đè.
A4: Cấu hình | B4: Rescore | C4: Pad trước (ms) | D4: Pad sau (ms) | E4: Merge gap (ms) | F4: Rebin | G4: MR | H4: FAR | I4: F1 strict | J4: F1 ±1 bin | K4: DCF | L4: ΔDCF so với A0 | M4: Ghi chú
A5: A0 – thô | B5: – | C5: 0 | D5: 0 | E5: 0 | F5: midpoint → bin | G5: ='KQ du lieu that'!P42 | H5: ='KQ du lieu that'!Q42 | I5: ='KQ du lieu that'!R42 | J5: ='KQ du lieu that'!S42 | K5: =0.75*G5+0.25*H5 | L5: =K5-$K$5 | M5: ="Ngưỡng "&'KQ du lieu that'!$B$8&" trên dev = "&FIXED('KQ du lieu that'!C42,2)
A6: A1 | B6: ✓ | C6: 0 | D6: 0 | E6: 0 | F6: ✓ | G6: ='KQ du lieu that'!P43 | H6: ='KQ du lieu that'!Q43 | I6: ='KQ du lieu that'!R43 | J6: ='KQ du lieu that'!S43 | K6: =0.75*G6+0.25*H6 | L6: =K6-$K$5 | M6: ="Ngưỡng "&'KQ du lieu that'!$B$8&" trên dev = "&FIXED('KQ du lieu that'!C43,2)
A7: A2 | B7: ✓ | C7: 100 | D7: 120 | E7: 0 | F7: ✓ | G7: ='KQ du lieu that'!P44 | H7: ='KQ du lieu that'!Q44 | I7: ='KQ du lieu that'!R44 | J7: ='KQ du lieu that'!S44 | K7: =0.75*G7+0.25*H7 | L7: =K7-$K$5 | M7: ="Ngưỡng "&'KQ du lieu that'!$B$8&" trên dev = "&FIXED('KQ du lieu that'!C44,2)
A8: A3 | B8: ✓ | C8: 0 | D8: 0 | E8: 500 | F8: ✓ | G8: ='KQ du lieu that'!P45 | H8: ='KQ du lieu that'!Q45 | I8: ='KQ du lieu that'!R45 | J8: ='KQ du lieu that'!S45 | K8: =0.75*G8+0.25*H8 | L8: =K8-$K$5 | M8: ="Ngưỡng "&'KQ du lieu that'!$B$8&" trên dev = "&FIXED('KQ du lieu that'!C45,2)
A9: A4 – hiện tại | B9: ✓ | C9: 100 | D9: 120 | E9: 500 | F9: ✓ | G9: ='KQ du lieu that'!P46 | H9: ='KQ du lieu that'!Q46 | I9: ='KQ du lieu that'!R46 | J9: ='KQ du lieu that'!S46 | K9: =0.75*G9+0.25*H9 | L9: =K9-$K$5 | M9: ="Ngưỡng "&'KQ du lieu that'!$B$8&" trên dev = "&FIXED('KQ du lieu that'!C46,2)
A11: Lưới quét đề xuất: pad trước {0, 50, 100, 200} ms × pad sau {0, 60, 120, 240} ms × merge gap {0, 250, 500, 750, 1000} ms × drop {0, 100, 250, 500} ms.
A12: Đọc kết quả: MSC/NDS cao từ A0 → lỗi model. FAR tăng từ A2→A4, tập trung ở offset → do pad/merge. Merge < 500ms dễ lấp khoảng lặng dài 1 bin.
A14: B. Cách gộp score overlap (hậu xử lý giữ như A4)
A15: Mã | B15: Cách gộp score cho mỗi hop | F15: Recall 1 s cuối file | G15: MR | H15: FAR | I15: F1 strict | J15: F1 ±1 bin | K15: DCF | L15: ΔDCF so với dòng đầu | M15: Ghi chú
A16: O0 | B16: Chỉ cửa sổ có tâm gần hop nhất (không gộp) | K16: =IF(OR(G16="",H16=""),"",0.75*G16+0.25*H16) | L16: =IF(OR(K16="",$K$16=""),"",K16-$K$16) | M16: Chưa đo
A17: O1 | B17: Mean các cửa sổ phủ hop | K17: =IF(OR(G17="",H17=""),"",0.75*G17+0.25*H17) | L17: =IF(OR(K17="",$K$16=""),"",K17-$K$16)
A18: O2 | B18: Max các cửa sổ phủ hop | K18: =IF(OR(G18="",H18=""),"",0.75*G18+0.25*H18) | L18: =IF(OR(K18="",$K$16=""),"",K18-$K$16)
A19: O3 | B19: Median các cửa sổ phủ hop | K19: =IF(OR(G19="",H19=""),"",0.75*G19+0.25*H19) | L19: =IF(OR(K19="",$K$16=""),"",K19-$K$16)
A20: O4 | B20: Trung bình trọng số theo khoảng cách tới tâm cửa sổ | G20: ='KQ du lieu that'!P46 | H20: ='KQ du lieu that'!Q46 | I20: ='KQ du lieu that'!R46 | J20: ='KQ du lieu that'!S46 | K20: =IF(OR(G20="",H20=""),"",0.75*G20+0.25*H20) | L20: =IF(OR(K20="",$K$16=""),"",K20-$K$16) | M20: Giống A4 (trọng số tam giác theo tâm cửa sổ + làm mượt trung bình 5 hop)
A22: C. Drop – độ dài segment tối thiểu (pad / merge giữ như A4)
A23: Mã | B23: Pad trước (ms) | C23: Pad sau (ms) | D23: Merge gap (ms) | E23: Drop (ms) | F23: #segment dự đoán / #GT | G23: MR | H23: FAR | I23: F1 strict | J23: F1 ±1 bin | K23: DCF | L23: ΔDCF so với dòng đầu | M23: Ghi chú
A24: C0 | B24: 100 | C24: 120 | D24: 500 | E24: 0 | F24: 1.2059202 | G24: ='KQ du lieu that'!P46 | H24: ='KQ du lieu that'!Q46 | I24: ='KQ du lieu that'!R46 | J24: ='KQ du lieu that'!S46 | K24: =IF(OR(G24="",H24=""),"",0.75*G24+0.25*H24) | L24: =IF(OR(K24="",$K$24=""),"",K24-$K$24) | M24: Giống A4 (không drop)
A25: C1 | B25: 100 | C25: 120 | D25: 500 | E25: 100 | K25: =IF(OR(G25="",H25=""),"",0.75*G25+0.25*H25) | L25: =IF(OR(K25="",$K$24=""),"",K25-$K$24)
A26: C2 | B26: 100 | C26: 120 | D26: 500 | E26: 250 | K26: =IF(OR(G26="",H26=""),"",0.75*G26+0.25*H26) | L26: =IF(OR(K26="",$K$24=""),"",K26-$K$24)
A27: C3 | B27: 100 | C27: 120 | D27: 500 | E27: 500 | K27: =IF(OR(G27="",H27=""),"",0.75*G27+0.25*H27) | L27: =IF(OR(K27="",$K$24=""),"",K27-$K$24)
A28: C4 | B28: 100 | C28: 120 | D28: 500 | E28: 750 | K28: =IF(OR(G28="",H28=""),"",0.75*G28+0.25*H28) | L28: =IF(OR(K28="",$K$24=""),"",K28-$K$24)
A30: D. Thứ tự hậu xử lý (tham số giữ như A4 + drop đã chọn)
A31: Mã | B31: Thứ tự | F31: #segment dự đoán / #GT | G31: MR | H31: FAR | I31: F1 strict | J31: F1 ±1 bin | K31: DCF | L31: ΔDCF so với dòng đầu | M31: Ghi chú
A32: P1 | B32: padding → drop → merge (hiện tại) | F32: 1.2059202 | G32: ='KQ du lieu that'!P46 | H32: ='KQ du lieu that'!Q46 | I32: ='KQ du lieu that'!R46 | J32: ='KQ du lieu that'!S46 | K32: =IF(OR(G32="",H32=""),"",0.75*G32+0.25*H32) | L32: =IF(OR(K32="",$K$32=""),"",K32-$K$32) | M32: Giống A4: padding → merge, drop = 0
A33: P2 | B33: padding → merge → drop | K33: =IF(OR(G33="",H33=""),"",0.75*G33+0.25*H33) | L33: =IF(OR(K33="",$K$32=""),"",K33-$K$32)
A34: P3 | B34: merge → drop → padding | K34: =IF(OR(G34="",H34=""),"",0.75*G34+0.25*H34) | L34: =IF(OR(K34="",$K$32=""),"",K34-$K$32)
A35: P4 | B35: drop → merge → padding | K35: =IF(OR(G35="",H35=""),"",0.75*G35+0.25*H35) | L35: =IF(OR(K35="",$K$32=""),"",K35-$K$32)
A36: Chọn xong cách gộp, drop và thứ tự thì ghi vào Snapshot. #segment dự đoán / #GT > 1 = phân mảnh; < 1 = gộp quá tay.

Sheet Bao cao category
A1: Báo cáo theo category (tầng B, trên test)
A2: Điền số liệu theo category. DCF, lỗi biên tính tự động. Hàng xám = ví dụ minh họa.
A4: Category | B4: #file | C4: % speech | D4: MR | E4: FAR | F4: FEC | G4: MSC | H4: OVER | I4: NDS | J4: F1 strict | K4: F1 ±1 bin | L4: F1 CI thấp | M4: F1 CI cao | N4: DCF | O4: Phần F1 mất do biên | P4: % lỗi thật
A5: Asm | B5: ='KQ du lieu that'!B32 | C5: ='KQ du lieu that'!O32 | D5: ='KQ du lieu that'!P32 | E5: ='KQ du lieu that'!Q32 | F5: ='KQ du lieu that'!G32 | G5: ='KQ du lieu that'!H32 | H5: ='KQ du lieu that'!I32 | I5: ='KQ du lieu that'!J32 | J5: ='KQ du lieu that'!S32 | K5: ='KQ du lieu that'!T32 | L5: ='KQ du lieu that'!X32 | M5: ='KQ du lieu that'!Y32 | N5: =IF(D5="","",0.75*D5+0.25*E5) | O5: =IF(J5="","",K5-J5) | P5: =IF(SUM(F5:I5)=0,"",(G5+I5)/SUM(F5:I5))
A6: Babble | B6: ='KQ du lieu that'!B33 | C6: ='KQ du lieu that'!O33 | D6: ='KQ du lieu that'!P33 | E6: ='KQ du lieu that'!Q33 | F6: ='KQ du lieu that'!G33 | G6: ='KQ du lieu that'!H33 | H6: ='KQ du lieu that'!I33 | I6: ='KQ du lieu that'!J33 | J6: ='KQ du lieu that'!S33 | K6: ='KQ du lieu that'!T33 | L6: ='KQ du lieu that'!X33 | M6: ='KQ du lieu that'!Y33 | N6: =IF(D6="","",0.75*D6+0.25*E6) | O6: =IF(J6="","",K6-J6) | P6: =IF(SUM(F6:I6)=0,"",(G6+I6)/SUM(F6:I6))
A7: Clean | B7: ='KQ du lieu that'!B34 | C7: ='KQ du lieu that'!O34 | D7: ='KQ du lieu that'!P34 | E7: ='KQ du lieu that'!Q34 | F7: ='KQ du lieu that'!G34 | G7: ='KQ du lieu that'!H34 | H7: ='KQ du lieu that'!I34 | I7: ='KQ du lieu that'!J34 | J7: ='KQ du lieu that'!S34 | K7: ='KQ du lieu that'!T34 | L7: ='KQ du lieu that'!X34 | M7: ='KQ du lieu that'!Y34 | N7: =IF(D7="","",0.75*D7+0.25*E7) | O7: =IF(J7="","",K7-J7) | P7: =IF(SUM(F7:I7)=0,"",(G7+I7)/SUM(F7:I7))
A8: Music | B8: ='KQ du lieu that'!B35 | C8: ='KQ du lieu that'!O35 | D8: ='KQ du lieu that'!P35 | E8: ='KQ du lieu that'!Q35 | F8: ='KQ du lieu that'!G35 | G8: ='KQ du lieu that'!H35 | H8: ='KQ du lieu that'!I35 | I8: ='KQ du lieu that'!J35 | J8: ='KQ du lieu that'!S35 | K8: ='KQ du lieu that'!T35 | L8: ='KQ du lieu that'!X35 | M8: ='KQ du lieu that'!Y35 | N8: =IF(D8="","",0.75*D8+0.25*E8) | O8: =IF(J8="","",K8-J8) | P8: =IF(SUM(F8:I8)=0,"",(G8+I8)/SUM(F8:I8))
A9: Noise | B9: ='KQ du lieu that'!B36 | C9: ='KQ du lieu that'!O36 | D9: ='KQ du lieu that'!P36 | E9: ='KQ du lieu that'!Q36 | F9: ='KQ du lieu that'!G36 | G9: ='KQ du lieu that'!H36 | H9: ='KQ du lieu that'!I36 | I9: ='KQ du lieu that'!J36 | J9: ='KQ du lieu that'!S36 | K9: ='KQ du lieu that'!T36 | L9: ='KQ du lieu that'!X36 | M9: ='KQ du lieu that'!Y36 | N9: =IF(D9="","",0.75*D9+0.25*E9) | O9: =IF(J9="","",K9-J9) | P9: =IF(SUM(F9:I9)=0,"",(G9+I9)/SUM(F9:I9))
N10: =IF(D10="","",0.75*D10+0.25*E10) | O10: =IF(J10="","",K10-J10) | P10: =IF(SUM(F10:I10)=0,"",(G10+I10)/SUM(F10:I10))
N11: =IF(D11="","",0.75*D11+0.25*E11) | O11: =IF(J11="","",K11-J11) | P11: =IF(SUM(F11:I11)=0,"",(G11+I11)/SUM(F11:I11))
N12: =IF(D12="","",0.75*D12+0.25*E12) | O12: =IF(J12="","",K12-J12) | P12: =IF(SUM(F12:I12)=0,"",(G12+I12)/SUM(F12:I12))
N13: =IF(D13="","",0.75*D13+0.25*E13) | O13: =IF(J13="","",K13-J13) | P13: =IF(SUM(F13:I13)=0,"",(G13+I13)/SUM(F13:I13))
N14: =IF(D14="","",0.75*D14+0.25*E14) | O14: =IF(J14="","",K14-J14) | P14: =IF(SUM(F14:I14)=0,"",(G14+I14)/SUM(F14:I14))
A15: Macro (TB) | B15: =SUM(B5:B14) | D15: =IFERROR(AVERAGE(D5:D14),"") | E15: =IFERROR(AVERAGE(E5:E14),"") | J15: =IFERROR(AVERAGE(J5:J14),"") | K15: =IFERROR(AVERAGE(K5:K14),"") | N15: =IFERROR(AVERAGE(N5:N14),"")
A17: Tô vàng 'Phần F1 mất do biên' > 3 điểm: phần lớn lỗi nằm ở định vị biên, không phải phân loại.

Sheet Bieu do can ve
A1: Danh sách biểu đồ nên có
A4: # | B4: Biểu đồ | C4: Thuộc bước | D4: Mục đích | E4: Đã vẽ?
A5: 1 | B5: ROC & PR chồng theo category | C5: 4 | D5: So sánh khả năng phân biệt giữa category | E5: Rồi
A6: 2 | B6: DET curve (trục normal deviate) | C6: 4 | D6: Xem vùng FAR thấp | E6: Rồi
A7: 3 | B7: Reliability diagram | C7: 4 | D7: Kiểm tra hiệu chỉnh score | E7: Chưa
A8: 4 | B8: MR/FAR theo ngưỡng (trước & sau hậu xử lý) | C8: 5 | D8: Thấy hậu xử lý dịch điểm vận hành | E8: Rồi
A9: 5 | B9: Bar lỗi biên vs lỗi thật theo category | C9: 6 | D9: Tách nguồn lỗi | E9: Rồi
A10: 6 | B10: Histogram Δonset / Δoffset | C10: 6 | D10: Phát hiện lệch biên có hệ thống | E10: Rồi
A11: 7 | B11: Heatmap F1 theo (pad, merge gap) | C11: 7 | D11: Chọn tham số hậu xử lý | E11: Rồi
A12: 8 | B12: Forest plot metric theo category kèm CI | C12: 8 | D12: Báo cáo có độ bất định | E12: Chưa
A13: 9 | B13: Histogram tỉ lệ speech mỗi file + boxplot category | C13: 8 (1a–1c) | D13: Phát hiện file suy biến | E13: Rồi
A14: 10 | B14: Histogram max-cosine test→train + heatmap | C14: 8 (2b) | D14: Phát hiện rò rỉ | E14: Chưa
A15: 11 | B15: Histogram điểm theo lớp (log) + F1 theo ngưỡng | C15: 8 (4a) | D15: Chẩn đoán dữ liệu quá dễ | E15: Rồi
A16: 12 | B16: F1/AUC theo shift + histogram lag theo file | C16: 8 (5e) | D16: Phát hiện lệch thời gian | E16: Rồi
... A26: 22 | B26: Bar lệch timestamp theo định dạng | C26: KH 6.1 | D26: Định dạng nào cần bù encoder delay | E26: Chưa
A28: Cột 'Thuộc bước': số 1–8 = Quy trinh 8 buoc; 'KH x.y' = bước trong Ke hoach baseline.

Sheet Parity
A1: Parity – Python reference ↔ lib.so (theo thứ tự pipeline)
A2: Đưa cùng PCM đã decode vào cả hai, so từng tầng từ waveform đến F1. Ngưỡng xám là gợi ý cho float32 – nới cho int8. Vàng = bạn điền.
A4: A. Thiết lập
B5: Python reference (commit / version)
B6: Lib baseline (commit)
B7: Lib candidate (commit)
B8: Tập dữ liệu parity (số file / giờ / định dạng PCM)
B9: Ngưỡng quyết định dùng khi so | C9: =IF(Snapshot!C24="","",Snapshot!C24)
A11: B. Kiểm tra parity (đạt khi giá trị ≤ ngưỡng)
A12: Mã | B12: Kiểm tra | C12: Cách đo | D12: Đơn vị | E12: Ngưỡng (≤) | F12: Baseline lib | G12: Kết luận | H12: Candidate lib | I12: Kết luận | J12: Ghi chú
A13: PA01 | B13: Waveform sau downmix + resample: max |Δ| | C13: So PCM 16 kHz mono của lib với Python trên cùng input | D13: – | E13: 0.001 | F13: 0.00031 | G13: =IF(OR(F13="",E13=""),"",IF(F13<=E13,"Đạt","Không đạt")) | I13: =IF(OR(H13="",E13=""),"",IF(H13<=E13,"Đạt","Không đạt")) | J13: Lớn = resampler/downmix khác lúc train (lệch train/serve)
A14: PA02 | B14: Waveform: lệch thời gian | C14: Cross-correlation giữa hai waveform | D14: mẫu | E14: 0 | G14: =IF(OR(F14="",E14=""),"",IF(F14<=E14,"Đạt","Không đạt")) | I14: =IF(OR(H14="",E14=""),"",IF(H14<=E14,"Đạt","Không đạt")) | J14: Resampler khác nhau có thể trễ vài mẫu
A15: PA03 | B15: Log-mel: max |Δ| | C15: So feature log-mel từng cửa sổ | D15: – | E15: 0.001 | G15: =IF(OR(F15="",E15=""),"",IF(F15<=E15,"Đạt","Không đạt")) | I15: =IF(OR(H15="",E15=""),"",IF(H15<=E15,"Đạt","Không đạt"))
A16: PA04 | B16: Score thô: max |Δ| | C16: So output model từng cửa sổ | D16: – | E16: 0.0001 | G16: =IF(OR(F16="",E16=""),"",IF(F16<=E16,"Đạt","Không đạt")) | I16: =IF(OR(H16="",E16=""),"",IF(H16<=E16,"Đạt","Không đạt")) | J16: Với int8 nới ngưỡng, vd 0.02
A17: PA05 | B17: Score thô: mean |Δ| | C17: Trung bình trên toàn tập | D17: – | E17: 1e-05 | G17: =IF(OR(F17="",E17=""),"",IF(F17<=E17,"Đạt","Không đạt")) | I17: =IF(OR(H17="",E17=""),"",IF(H17<=E17,"Đạt","Không đạt"))
A18: PA06 | B18: Score sau xử lý overlap: max |Δ| | C18: So score đã gộp cho từng hop | D18: – | E18: 0.0001 | G18: =IF(OR(F18="",E18=""),"",IF(F18<=E18,"Đạt","Không đạt")) | I18: =IF(OR(H18="",E18=""),"",IF(H18<=E18,"Đạt","Không đạt"))
A19: PA07 | B19: % hop đổi quyết định tại ngưỡng | C19: So (score ≥ ngưỡng) giữa hai bên | D19: % | E19: 0.001 | G19: =IF(OR(F19="",E19=""),"",IF(F19<=E19,"Đạt","Không đạt")) | I19: =IF(OR(H19="",E19=""),"",IF(H19<=E19,"Đạt","Không đạt"))
A20: PA08 | B20: % bin 0.5 s khác sau hậu xử lý | C20: So đầu ra cuối đã rebin | D20: % | E20: 0.001 | G20: =IF(OR(F20="",E20=""),"",IF(F20<=E20,"Đạt","Không đạt")) | I20: =IF(OR(H20="",E20=""),"",IF(H20<=E20,"Đạt","Không đạt"))
A21: PA09 | B21: Số segment khác (thêm / mất) | C21: Ghép segment theo overlap | D21: cái | E21: 0 | G21: =IF(OR(F21="",E21=""),"",IF(F21<=E21,"Đạt","Không đạt")) | I21: =IF(OR(H21="",E21=""),"",IF(H21<=E21,"Đạt","Không đạt"))
A22: PA10 | B22: Lệch biên segment max | C22: Trên các segment ghép được | D22: ms | E22: 80 | G22: =IF(OR(F22="",E22=""),"",IF(F22<=E22,"Đạt","Không đạt")) | I22: =IF(OR(H22="",E22=""),"",IF(H22<=E22,"Đạt","Không đạt")) | J22: ≤ 1 hop
A23: PA11 | B23: Số file có khác biệt | C23: File có ít nhất 1 bin khác | D23: file | E23: 0 | G23: =IF(OR(F23="",E23=""),"",IF(F23<=E23,"Đạt","Không đạt")) | I23: =IF(OR(H23="",E23=""),"",IF(H23<=E23,"Đạt","Không đạt"))
A24: PA12 | B24: |Chênh F1 strict| (lib − Python) | C24: Tính F1 tầng B cho cả hai | D24: – | E24: 0.001 | G24: =IF(OR(F24="",E24=""),"",IF(F24<=E24,"Đạt","Không đạt")) | I24: =IF(OR(H24="",E24=""),"",IF(H24<=E24,"Đạt","Không đạt"))
B25: Số mục Không đạt | F25: =COUNTIF(G13:G24,"Không đạt") | H25: =COUNTIF(I13:I24,"Không đạt")
B26: Số mục chưa đo | F26: =COUNTBLANK(F13:F24) | H26: =COUNTBLANK(H13:H24)
A27: Khi một tầng không đạt, các tầng sau thường cũng lệch – sửa từ tầng đầu tiên không đạt.
A29: C. File lệch nhiều nhất (nghe / kiểm tra lại)
A30: # | B30: File | C30: Tầng lệch đầu tiên (PA..) | D30: #bin khác | E30: Lệch biên max (ms) | F30: Nguyên nhân nghi ngờ
A31: 1
A32: 2
A33: 3
A34: 4
A35: 5

Sheet Performance
A1: Baseline hiệu năng lib.so (xử lý theo file, không tính decode)
A2: Đo trên thiết bị đích, cùng môi trường và cùng tập file cho baseline và candidate. Vàng = bạn điền; xám = ví dụ minh họa; chữ đen = công thức.
A4: A. Môi trường đo
A5: Hạng mục | C5: Baseline | F5: Candidate | I5: Ghi chú
A6: Thiết bị / SoC | I6: vd tên máy / chip
A7: ABI / kiến trúc | I7: arm64-v8a, armeabi-v7a, x86_64…
A8: Core được dùng (CPU affinity) | I8: Ghim core cố định; ghi rõ big / little
A9: CPU governor & tần số | I9: performance hoặc tần số cố định
A10: OS / kernel
A11: Runtime & delegate | I11: Khớp với Snapshot
A12: Số thread
A13: Định dạng PCM đưa vào lib khi đo | I13: vd 44.1 kHz stereo int16 – resample/downmix tốn thời gian khác nhau theo định dạng
A14: Tập file đo (số file, tổng thời lượng) | I14: Cùng bộ cho baseline và candidate; PCM đã decode sẵn
A15: Chế độ nguồn khi đo điện | I15: Rút sạc, tắt màn hình, chế độ máy bay
A16: Nhiệt độ lúc bắt đầu (°C) | I16: Chờ máy nguội giữa các lần đo
A17: Số lần warm-up / số lần lặp | I17: vd 3 / 20; báo mean và p95
A19: B. Thời gian theo stage (ms cho mỗi phút audio)
A20: Stage | B20: Đơn vị | C20: Baseline mean | D20: Baseline p95 | E20: % tổng | F20: Candidate mean | G20: Candidate p95 | H20: Δ mean % | I20: Ghi chú / cách đo
A21: Nhận input (copy, int16 → float) | B21: ms | C21: 5 | D21: 6 | E21: =IF(OR(C21="",$C$29="",$C$29=0),"",C21/$C$29) | H21: =IF(OR(C21="",F21=""),"",IFERROR((F21-C21)/C21,""))
A22: Downmix | B22: ms | C22: 2 | D22: 3 | E22: =IF(OR(C22="",$C$29="",$C$29=0),"",C22/$C$29) | H22: =IF(OR(C22="",F22=""),"",IFERROR((F22-C22)/C22,""))
A23: Resample | B23: ms | C23: 60 | D23: 70 | E23: =IF(OR(C23="",$C$29="",$C$29=0),"",C23/$C$29) | H23: =IF(OR(C23="",F23=""),"",IFERROR((F23-C23)/C23,"")) | I23: 0 nếu input đã là 16 kHz
A24: Chia cửa sổ + log-mel | B24: ms | C24: 900 | D24: 980 | E24: =IF(OR(C24="",$C$29="",$C$29=0),"",C24/$C$29) | H24: =IF(OR(C24="",F24=""),"",IFERROR((F24-C24)/C24,"")) | I24: Offline: tính log-mel một lần cho cả file rồi cắt cửa sổ, tránh tính lại ~12 lần
A25: Inference | B25: ms | C25: 8600 | D25: 9300 | E25: =IF(OR(C25="",$C$29="",$C$29=0),"",C25/$C$29) | H25: =IF(OR(C25="",F25=""),"",IFERROR((F25-C25)/C25,"")) | I25: Thường chiếm phần lớn thời gian
A26: Xử lý overlap (gộp score) | B26: ms | C26: 5 | D26: 6 | E26: =IF(OR(C26="",$C$29="",$C$29=0),"",C26/$C$29) | H26: =IF(OR(C26="",F26=""),"",IFERROR((F26-C26)/C26,""))
A27: Hậu xử lý (padding, drop, merge) | B27: ms | C27: 1 | D27: 2 | E27: =IF(OR(C27="",$C$29="",$C$29=0),"",C27/$C$29) | H27: =IF(OR(C27="",F27=""),"",IFERROR((F27-C27)/C27,""))
A28: Overhead khác (cấp phát, trả kết quả) | B28: ms | C28: 30 | D28: 40 | E28: =IF(OR(C28="",$C$29="",$C$29=0),"",C28/$C$29) | H28: =IF(OR(C28="",F28=""),"",IFERROR((F28-C28)/C28,""))
A29: Tổng (mean cộng dồn; p95 đo trực tiếp) | B29: ms | C29: =IF(COUNT(C21:C28)=0,"",SUM(C21:C28)) | D29: 10300 | E29: =IF(C29="","",SUM(E21:E28)) | F29: =IF(COUNT(F21:F28)=0,"",SUM(F21:F28)) | H29: =IF(OR(C29="",F29=""),"",IFERROR((F29-C29)/C29,"")) | I29: p95 của tổng phải đo trực tiếp, không cộng p95 từng stage
A31: C. Tổng hợp runtime
A32: Chỉ số | B32: Đơn vị | C32: Baseline | F32: Candidate | H32: Δ % | I32: Ghi chú / cách đo
A33: Hop | B33: s | C33: =IF(Snapshot!C21="","",Snapshot!C21) | F33: =IF(Snapshot!D21="","",Snapshot!D21) | H33: =IF(OR(C33="",F33=""),"",IFERROR((F33-C33)/C33,"")) | I33: Lấy từ Snapshot
A34: Thời gian xử lý 1 phút audio – mean | B34: ms | C34: =C29 | F34: =F29 | H34: =IF(OR(C34="",F34=""),"",IFERROR((F34-C34)/C34,"")) | I34: Từ mục B
A35: Thời gian xử lý 1 phút audio – p95 | B35: ms | C35: =IF(D29="","",D29) | F35: =IF(G29="","",G29) | H35: =IF(OR(C35="",F35=""),"",IFERROR((F35-C35)/C35,"")) | I35: Từ mục B
A36: RTF mean (thời gian xử lý / thời lượng audio) | B36: – | C36: =IF(C34="","",C34/60000) | F36: =IF(F34="","",F34/60000) | H36: =IF(OR(C36="",F36=""),"",IFERROR((F36-C36)/C36,""))
A37: RTF p95 | B37: – | C37: =IF(C35="","",C35/60000) | F37: =IF(F35="","",F35/60000) | H37: =IF(OR(C37="",F37=""),"",IFERROR((F37-C37)/C37,""))
A38: Tốc độ so với thời gian thực | B38: x | C38: =IF(OR(C36="",C36=0),"",1/C36) | F38: =IF(OR(F36="",F36=0),"",1/F36) | H38: =IF(OR(C38="",F38=""),"",IFERROR((F38-C38)/C38,"")) | I38: vd 6.2 = xử lý nhanh gấp 6.2 lần thời lượng audio
A39: Số inference cho 1 phút audio | B39: lần | C39: =IF(OR(C33="",C33=0),"",60/C33) | F39: =IF(OR(F33="",F33=0),"",60/F33) | H39: =IF(OR(C39="",F39=""),"",IFERROR((F39-C39)/C39,"")) | I39: Bằng 60 / hop
A40: Thời gian init (load model + cấp phát) | B40: ms | C40: 85 | H40: =IF(OR(C40="",F40=""),"",IFERROR((F40-C40)/C40,""))
A41: Ước tính thời gian xử lý file 1 giờ | B41: s | C41: =IF(C36="","",C36*3600) | F41: =IF(F36="","",F36*3600) | H41: =IF(OR(C41="",F41=""),"",IFERROR((F41-C41)/C41,"")) | I41: Số đo thật ở sheet File dai va batch
A43: D. CPU & năng lượng
A44: Chỉ số | B44: Đơn vị | C44: Baseline | F44: Candidate | H44: Δ % | I44: Ghi chú / cách đo
A45: CPU trung bình trong lúc xử lý (% của 1 core) | B45: % | C45: 0.98 | H45: =IF(OR(C45="",F45=""),"",IFERROR((F45-C45)/C45,"")) | I45: Nhiều thread có thể > 100%
A46: Thời gian CPU cho 1 phút audio (cộng mọi thread) | B46: s | C46: 9.8 | H46: =IF(OR(C46="",F46=""),"",IFERROR((F46-C46)/C46,"")) | I46: user + sys từ /proc/<pid>/stat hoặc getrusage
A47: Công suất khi đang xử lý | B47: mW | C47: 1450 | H47: =IF(OR(C47="",F47=""),"",IFERROR((F47-C47)/C47,"")) | I47: Power monitor / Battery Historian
A48: Công suất idle (cùng điều kiện) | B48: mW | C48: 250 | H48: =IF(OR(C48="",F48=""),"",IFERROR((F48-C48)/C48,"")) | I48: Đo ngay trước/sau lần chạy
A49: Công suất tăng thêm do lib | B49: mW | C49: =IF(OR(C47="",C48=""),"",C47-C48) | F49: =IF(OR(F47="",F48=""),"",F47-F48) | H49: =IF(OR(C49="",F49=""),"",IFERROR((F49-C49)/C49,""))
A50: Thời gian xử lý 1 phút audio | B50: s | C50: =IF(C34="","",C34/1000) | F50: =IF(F34="","",F34/1000) | H50: =IF(OR(C50="",F50=""),"",IFERROR((F50-C50)/C50,"")) | I50: Từ mục C
A51: Năng lượng cho 1 phút audio | B51: J | C51: =IF(OR(C49="",C50=""),"",C49/1000*C50) | F51: =IF(OR(F49="",F50=""),"",F49/1000*F50) | H51: =IF(OR(C51="",F51=""),"",IFERROR((F51-C51)/C51,"")) | I51: Công suất tăng thêm × thời gian xử lý
A52: Năng lượng cho 1 giờ audio | B52: J | C52: =IF(C51="","",C51*60) | F52: =IF(F51="","",F51*60) | H52: =IF(OR(C52="",F52=""),"",IFERROR((F52-C52)/C52,""))
A54: E. Bộ nhớ cố định & kích thước
A55: Chỉ số | B55: Đơn vị | C55: Baseline | F55: Candidate | H55: Δ % | I55: Ghi chú / cách đo
A56: RSS trước khi init | B56: MB | C56: 22 | H56: =IF(OR(C56="",F56=""),"",IFERROR((F56-C56)/C56,"")) | I56: /proc/<pid>/status (VmRSS)
A57: RSS sau init (model đã load) | B57: MB | C57: 40 | H57: =IF(OR(C57="",F57=""),"",IFERROR((F57-C57)/C57,""))
A58: RSS do init | B58: MB | C58: =IF(OR(C56="",C57=""),"",C57-C56) | F58: =IF(OR(F56="",F57=""),"",F57-F56) | H58: =IF(OR(C58="",F58=""),"",IFERROR((F58-C58)/C58,"")) | I58: Phần cố định, không phụ thuộc độ dài file
A59: Bộ nhớ runtime / tensor arena | B59: KB | C59: 2500 | H59: =IF(OR(C59="",F59=""),"",IFERROR((F59-C59)/C59,""))
A60: Kích thước file model | B60: KB | C60: 15100 | H60: =IF(OR(C60="",F60=""),"",IFERROR((F60-C60)/C60,""))
A61: Kích thước lib.so (stripped) | B61: KB | C61: 3200 | H61: =IF(OR(C61="",F61=""),"",IFERROR((F61-C61)/C61,"")) | I61: bloaty để xem phần nào chiếm dung lượng
A62: Peak RSS theo độ dài file và theo số file đã xử lý: xem sheet File dai va batch.

Sheet Bien va timestamp
A1: Biên segment & timestamp
A2: Chạy lib trên PCM đã decode. Vàng = bạn điền; xám = ví dụ minh họa; chữ đen = công thức.
A4: A. Độ chính xác biên trên tập nhãn mịn (10–20 ms)
A5: Chỉ số | B5: Đơn vị | C5: Baseline | D5: Candidate | E5: Δ | F5: Ghi chú / cách đo
A6: Thời lượng tập nhãn mịn | B6: phút | C6: 45 | E6: =IF(OR(C6="",D6=""),"",D6-C6) | F6: Khoảng 30–60 phút, đủ category
A7: Số segment | B7: cái | E7: =IF(OR(C7="",D7=""),"",D7-C7) | F7: Nên ≥ 200
A8: Δonset median (âm = sớm) | B8: ms | E8: =IF(OR(C8="",D8=""),"",D8-C8) | F8: Biên dự đoán − biên GT
A9: |Δonset| p95 | B9: ms | E9: =IF(OR(C9="",D9=""),"",D9-C9)
A10: Δoffset median (dương = trễ) | B10: ms | E10: =IF(OR(C10="",D10=""),"",D10-C10) | F10: Pad sau và merge gap đẩy offset về dương
A11: |Δoffset| p95 | B11: ms | E11: =IF(OR(C11="",D11=""),"",D11-C11)
A12: Tỉ lệ biên có |Δ| ≤ 100 ms | B12: % | E12: =IF(OR(C12="",D12=""),"",D12-C12)
A14: B. Chất lượng theo vị trí trong file (vùng biên có ít cửa sổ phủ hơn)
A15: Vị trí | B15: Recall baseline | C15: FAR baseline | D15: Recall candidate | E15: FAR candidate | F15: Ghi chú
A16: Đầu file (0–1 s) | F16: Khoảng 0.44 s đầu có ít cửa sổ phủ
A17: Giữa file | B17: 0.97 | C17: 0.07 | F17: Tham chiếu
A18: Cuối file (1 s cuối)
A19: Phần dư cuối file (< 0.96 s, không đủ 1 cửa sổ) | F19: Phụ thuộc cách xử lý cửa sổ cuối trong Snapshot
A20: Chênh recall cuối file so với giữa file | B20: =IF(OR(B18="",B17=""),"",B18-B17) | D20: =IF(OR(D18="",D17=""),"",D18-D17) | F20: Âm nhiều = mất speech ở cuối file
A22: C. Căn chỉnh thời gian của lib
A23: Chỉ số | B23: Đơn vị | C23: Baseline | D23: Candidate | E23: Δ | F23: Ghi chú / cách đo
A24: Lệch đỉnh F1 khi quét shift ±1 s (bước 0.08 s) | B24: ms | C24: 80 | E24: =IF(OR(C24="",D24=""),"",D24-C24) | F24: Như mục 5e của Kiem tra du lieu, nhưng chạy trên output lib
A25: Số file có số cửa sổ khác công thức | B25: file | C25: 0 | E25: =IF(OR(C25="",D25=""),"",D25-C25) | F25: Kỳ vọng 0; công thức theo cách xử lý cửa sổ cuối
A26: Số segment vượt [0, thời lượng file] | B26: cái | E26: =IF(OR(C26="",D26=""),"",D26-C26) | F26: Kỳ vọng 0; pad phải bị cắt tại biên

Sheet File dai va batch
A1: File dài, batch nhiều file và false alarm theo giờ
A2: Điền liên tục từ trên xuống, không bỏ dòng (công thức lấy dòng cuối có số liệu). Vàng = bạn điền; xám = ví dụ minh họa.
A4: A. Theo độ dài file
A5: Độ dài file (phút) | B5: Thời gian xử lý baseline (s) | C5: RTF baseline | D5: Peak RSS baseline (MB) | E5: Thời gian xử lý candidate (s) | F5: RTF candidate | G5: Peak RSS candidate (MB) | H5: Ghi chú
A6: 1 | B6: 10 | C6: =IF(OR(A6="",B6="",A6=0),"",B6/(A6*60)) | D6: 44 | F6: =IF(OR(A6="",E6="",A6=0),"",E6/(A6*60))
A7: 10 | C7: =IF(OR(A7="",B7="",A7=0),"",B7/(A7*60)) | F7: =IF(OR(A7="",E7="",A7=0),"",E7/(A7*60))
A8: 60 | C8: =IF(OR(A8="",B8="",A8=0),"",B8/(A8*60)) | F8: =IF(OR(A8="",E8="",A8=0),"",E8/(A8*60))
A9: 180 | C9: =IF(OR(A9="",B9="",A9=0),"",B9/(A9*60)) | F9: =IF(OR(A9="",E9="",A9=0),"",E9/(A9*60))
A10: 480 | C10: =IF(OR(A10="",B10="",A10=0),"",B10/(A10*60)) | F10: =IF(OR(A10="",E10="",A10=0),"",E10/(A10*60)) | H10: Có đủ RAM không? Có lỗi không?
A12: B. Batch nhiều file liên tiếp trên cùng instance
A13: Sau N file | B13: RSS baseline (MB) | C13: Thời gian TB/file baseline (s) | D13: Số file lỗi baseline | E13: RSS candidate (MB) | F13: Thời gian TB/file candidate (s) | G13: Số file lỗi candidate | H13: Ghi chú
A14: 0 | B14: 40 | H14: Sau init, chưa xử lý file
A15: 1
A16: 10
A17: 100
A18: 1000
A20: C. Tổng hợp (tự tính từ mục A, B)
A21: Chỉ số | B21: Đơn vị | C21: Baseline | D21: Candidate | E21: Ngưỡng (≤) | F21: KL baseline | G21: KL candidate | H21: Ghi chú
A22: RSS tăng theo độ dài file | B22: MB/phút | C22: =IF(COUNT(D6:D10)<2,"",(INDEX(D6:D10,COUNT(D6:D10))-D6)/(INDEX(A6:A10,COUNT(D6:D10))-A6)) | D22: =IF(COUNT(G6:G10)<2,"",(INDEX(G6:G10,COUNT(G6:G10))-G6)/(INDEX(A6:A10,COUNT(G6:G10))-A6)) | E22: 4 | F22: =IF(OR(C22="",E22=""),"",IF(C22<=E22,"Đạt","Không đạt")) | G22: =IF(OR(D22="",E22=""),"",IF(D22<=E22,"Đạt","Không đạt")) | H22: PCM 16 kHz mono float32 ≈ 3.84 MB/phút; cao hơn nhiều = giữ cả input gốc hoặc bản sao thừa
A23: Peak RSS với file 60 phút | B23: MB | C23: =IFERROR(IF(INDEX(D6:D10,MATCH(60,A6:A10,0))="","",INDEX(D6:D10,MATCH(60,A6:A10,0))),"") | D23: =IFERROR(IF(INDEX(G6:G10,MATCH(60,A6:A10,0))="","",INDEX(G6:G10,MATCH(60,A6:A10,0))),"") | F23: =IF(OR(C23="",E23=""),"",IF(C23<=E23,"Đạt","Không đạt")) | G23: =IF(OR(D23="",E23=""),"",IF(D23<=E23,"Đạt","Không đạt")) | H23: Lấy dòng có độ dài = 60
A24: RTF file dài nhất / RTF file 1 phút | B24: x | C24: =IF(COUNT(C6:C10)<2,"",IFERROR(INDEX(C6:C10,COUNT(C6:C10))/C6,"")) | D24: =IF(COUNT(F6:F10)<2,"",IFERROR(INDEX(F6:F10,COUNT(F6:F10))/F6,"")) | E24: 1.1 | F24: =IF(OR(C24="",E24=""),"",IF(C24<=E24,"Đạt","Không đạt")) | G24: =IF(OR(D24="",E24=""),"",IF(D24<=E24,"Đạt","Không đạt")) | H24: > 1 = thời gian tăng nhanh hơn tuyến tính
A25: RSS tăng mỗi 100 file (từ sau file thứ 1) | B25: MB | C25: =IF(COUNT(B14:B18)<3,"",(INDEX(B14:B18,COUNT(B14:B18))-B15)/(INDEX(A14:A18,COUNT(B14:B18))-A15)*100) | D25: =IF(COUNT(E14:E18)<3,"",(INDEX(E14:E18,COUNT(E14:E18))-E15)/(INDEX(A14:A18,COUNT(E14:E18))-A15)*100) | E25: 1 | F25: =IF(OR(C25="",E25=""),"",IF(C25<=E25,"Đạt","Không đạt")) | G25: =IF(OR(D25="",E25=""),"",IF(D25<=E25,"Đạt","Không đạt")) | H25: Dương kéo dài = nghi rò rỉ giữa các file
A26: Số file lỗi sau toàn bộ batch | B26: file | C26: =IF(COUNT(D14:D18)=0,"",INDEX(D14:D18,COUNT(D14:D18))) | D26: =IF(COUNT(G14:G18)=0,"",INDEX(G14:G18,COUNT(G14:G18))) | E26: 0 | F26: =IF(OR(C26="",E26=""),"",IF(C26<=E26,"Đạt","Không đạt")) | G26: =IF(OR(D26="",E26=""),"",IF(D26<=E26,"Đạt","Không đạt"))
A28: D. False alarm trên audio không lời dài
A29: Loại audio | B29: Thời lượng (giờ) | C29: #FA baseline | D29: FA/giờ baseline | E29: #FA candidate | F29: FA/giờ candidate | G29: Thời lượng FA baseline (s) | H29: % thời gian FA baseline
A30: Nhạc có lời (hát) | B30: 2 | C30: 3 | D30: =IF(OR(B30="",C30="",B30=0),"",C30/B30) | F30: =IF(OR(B30="",E30="",B30=0),"",E30/B30) | G30: 4.5 | H30: =IF(OR(B30="",G30="",B30=0),"",G30/(B30*3600))
A31: Nhạc không lời | D31: =IF(OR(B31="",C31="",B31=0),"",C31/B31) | F31: =IF(OR(B31="",E31="",B31=0),"",E31/B31) | H31: =IF(OR(B31="",G31="",B31=0),"",G31/(B31*3600))
A32: Tiếng cười / vỗ tay / đám đông | D32: =IF(OR(B32="",C32="",B32=0),"",C32/B32) | F32: =IF(OR(B32="",E32="",B32=0),"",E32/B32) | H32: =IF(OR(B32="",G32="",B32=0),"",G32/(B32*3600))
A33: Giao thông / đường phố | D33: =IF(OR(B33="",C33="",B33=0),"",C33/B33) | F33: =IF(OR(B33="",E33="",B33=0),"",E33/B33) | H33: =IF(OR(B33="",G33="",B33=0),"",G33/(B33*3600))
A34: Văn phòng / quạt / điều hòa | D34: =IF(OR(B34="",C34="",B34=0),"",C34/B34) | F34: =IF(OR(B34="",E34="",B34=0),"",E34/B34) | H34: =IF(OR(B34="",G34="",B34=0),"",G34/(B34*3600))
A35: Bếp / nước chảy / va chạm | D35: =IF(OR(B35="",C35="",B35=0),"",C35/B35) | F35: =IF(OR(B35="",E35="",B35=0),"",E35/B35) | H35: =IF(OR(B35="",G35="",B35=0),"",G35/(B35*3600))
A36: Im lặng số / nhiễu nền thấp | D36: =IF(OR(B36="",C36="",B36=0),"",C36/B36) | F36: =IF(OR(B36="",E36="",B36=0),"",E36/B36) | H36: =IF(OR(B36="",G36="",B36=0),"",G36/(B36*3600))
A37: Tổng | B37: =SUM(B30:B36) | C37: =IF(COUNT(C30:C36)=0,"",SUM(C30:C36)) | D37: =IF(OR(C37="",B37=0),"",C37/B37) | E37: =IF(COUNT(E30:E36)=0,"",SUM(E30:E36)) | F37: =IF(OR(E37="",B37=0),"",E37/B37) | G37: =IF(COUNT(G30:G36)=0,"",SUM(G30:G36)) | H37: =IF(OR(G37="",B37=0),"",G37/(B37*3600))
A38: Hát có tính là speech hay không tùy định nghĩa của bạn – ghi rõ để FA/giờ so sánh được giữa các lần đo.

Sheet Robustness
A1: Robustness – chất lượng theo biến đổi input
A2: Sinh biến thể từ tập test (không dùng dev). Nhóm Codec: nén bằng encoder, decode bằng decoder của app, rồi đưa PCM vào lib. Vàng = bạn điền; xám = ví dụ.
A4: Nhóm | B4: Biến đổi | C4: Mức | D4: F1 baseline | E4: FAR baseline | F4: MR baseline | G4: Suy giảm F1 so với gốc | H4: F1 candidate | I4: FAR candidate | J4: MR candidate | K4: ΔF1 (cand − base) | L4: Ghi chú
A5: Gốc | B5: Không biến đổi | C5: – | D5: 0.936 | E5: 0.075 | F5: 0.03 | G5: =IF(OR(D5="",$D$5=""),"",$D$5-D5) | K5: =IF(OR(D5="",H5=""),"",H5-D5)
A6: Mức tín hiệu | B6: Gain | C6: -30 dB | G6: =IF(OR(D6="",$D$5=""),"",$D$5-D6) | K6: =IF(OR(D6="",H6=""),"",H6-D6)
A7: Mức tín hiệu | B7: Gain | C7: -20 dB | G7: =IF(OR(D7="",$D$5=""),"",$D$5-D7) | K7: =IF(OR(D7="",H7=""),"",H7-D7)
A8: Mức tín hiệu | B8: Gain | C8: -10 dB | G8: =IF(OR(D8="",$D$5=""),"",$D$5-D8) | K8: =IF(OR(D8="",H8=""),"",H8-D8)
A9: Mức tín hiệu | B9: Gain (có clipping) | C9: +12 dB | G9: =IF(OR(D9="",$D$5=""),"",$D$5-D9) | K9: =IF(OR(D9="",H9=""),"",H9-D9)
A10: Mức tín hiệu | B10: DC offset | C10: +0.1 | G10: =IF(OR(D10="",$D$5=""),"",$D$5-D10) | K10: =IF(OR(D10="",H10=""),"",H10-D10)
A11: Nhiễu | B11: Nhiễu cộng (SNR) | C11: 20 dB | G11: =IF(OR(D11="",$D$5=""),"",$D$5-D11) | K11: =IF(OR(D11="",H11=""),"",H11-D11)
A12: Nhiễu | B12: Nhiễu cộng (SNR) | C12: 10 dB | G12: =IF(OR(D12="",$D$5=""),"",$D$5-D12) | K12: =IF(OR(D12="",H12=""),"",H12-D12)
A13: Nhiễu | B13: Nhiễu cộng (SNR) | C13: 5 dB | G13: =IF(OR(D13="",$D$5=""),"",$D$5-D13) | K13: =IF(OR(D13="",H13=""),"",H13-D13)
A14: Nhiễu | B14: Nhiễu cộng (SNR) | C14: 0 dB | G14: =IF(OR(D14="",$D$5=""),"",$D$5-D14) | K14: =IF(OR(D14="",H14=""),"",H14-D14)
A15: Kênh truyền | B15: Vang phòng (RT60) | C15: 0.3 s | G15: =IF(OR(D15="",$D$5=""),"",$D$5-D15) | K15: =IF(OR(D15="",H15=""),"",H15-D15)
A16: Kênh truyền | B16: Vang phòng (RT60) | C16: 0.8 s | G16: =IF(OR(D16="",$D$5=""),"",$D$5-D16) | K16: =IF(OR(D16="",H16=""),"",H16-D16)
A17: Kênh truyền | B17: Far-field | C17: ~2 m | G17: =IF(OR(D17="",$D$5=""),"",$D$5-D17) | K17: =IF(OR(D17="",H17=""),"",H17-D17)
... A21: Sample rate | B21: Sample rate đầu vào | C21: 48 kHz | G21: =IF(OR(D21="",$D$5=""),"",$D$5-D21) | K21: =IF(OR(D21="",H21=""),"",H21-D21)
A22: Số kênh | B22: Stereo, lời chỉ ở một kênh | C22: – | G22: =IF(OR(D22="",$D$5=""),"",$D$5-D22) | K22: =IF(OR(D22="",H22=""),"",H22-D22) | L22: Kiểm tra downmix không làm mất lời
A23: Số kênh | B23: Stereo, kênh có lời thấp hơn | C23: -12 dB | G23: =IF(OR(D23="",$D$5=""),"",$D$5-D23) | K23: =IF(OR(D23="",H23=""),"",H23-D23)
A24: Codec | B24: MP3 | C24: 128 kbps | G24: =IF(OR(D24="",$D$5=""),"",$D$5-D24) | K24: =IF(OR(D24="",H24=""),"",H24-D24)
A25: Codec | B25: MP3 | C25: 64 kbps | G25: =IF(OR(D25="",$D$5=""),"",$D$5-D25) | K25: =IF(OR(D25="",H25=""),"",H25-D25)
A26: Codec | B26: MP3 | C26: 32 kbps | G26: =IF(OR(D26="",$D$5=""),"",$D$5-D26) | K26: =IF(OR(D26="",H26=""),"",H26-D26)
A27: Codec | B27: AAC-LC trong mp4 | C27: 128 kbps | G27: =IF(OR(D27="",$D$5=""),"",$D$5-D27) | K27: =IF(OR(D27="",H27=""),"",H27-D27)
A28: Codec | B28: HE-AAC trong mp4 | C28: 48 kbps | G28: =IF(OR(D28="",$D$5=""),"",$D$5-D28) | K28: =IF(OR(D28="",H28=""),"",H28-D28)
A29: Đặc biệt | B29: Digital silence | C29: toàn 0 | G29: =IF(OR(D29="",$D$5=""),"",$D$5-D29) | K29: =IF(OR(D29="",H29=""),"",H29-D29) | L29: Chỉ xét FAR (không có speech)
B31: F1 thấp nhất – baseline | C31: =IF(COUNT(D5:D29)=0,"",MIN(D5:D29)) | E31: Điều kiện | G31: =IF(COUNT(D5:D29)=0,"",INDEX(B5:B29,MATCH(MIN(D5:D29),D5:D29,0))&" "&INDEX(C5:C29,MATCH(MIN(D5:D29),D5:D29,0)))
B32: F1 thấp nhất – candidate | C32: =IF(COUNT(H5:H29)=0,"",MIN(H5:H29)) | E32: Điều kiện | G32: =IF(COUNT(H5:H29)=0,"",INDEX(B5:B29,MATCH(MIN(H5:H29),H5:H29,0))&" "&INDEX(C5:C29,MATCH(MIN(H5:H29),H5:H29,0)))
A33: Tô vàng: suy giảm F1 so với gốc > 0.05. Tô đỏ: candidate kém baseline hơn 0.01 F1.

Sheet Test chuc nang
A1: Test chức năng lib.so (input là PCM đã decode)
A2: Chạy cho mỗi build. Kết quả chọn từ danh sách. Vàng = bạn điền.
A4: Mã | B4: Nhóm | C4: Test | D4: Cách chạy / input | E4: Kỳ vọng | F4: Baseline | G4: Candidate | H4: Ticket / ghi chú
A5: T01 | B5: Input biên | C5: Buffer rỗng (0 mẫu) | E5: Trả mã lỗi hoặc 0 segment, không crash | F5: Chưa chạy | G5: Chưa chạy
A6: T02 | B6: Input biên | C6: Audio ngắn hơn 1 cửa sổ | D6: 0.5 s có tiếng nói | E6: Đúng hành vi đã tài liệu hóa (pad rồi chạy, hoặc trả rỗng) | F6: Chưa chạy | G6: Chưa chạy
A7: T03 | B7: Input biên | C7: Audio dài đúng 0.96 s | D7: 15 360 mẫu ở 16 kHz | E7: Đúng 1 cửa sổ, timestamp không lệch | F7: Chưa chạy | G7: Chưa chạy
A8: T04 | B8: Input biên | C8: Cửa sổ cuối không đủ 0.96 s | D8: File 10.5 s, tiếng nói ở 10.1–10.5 s | E8: Tiếng nói cuối được phát hiện, hoặc hành vi đúng như tài liệu | F8: Chưa chạy | G8: Chưa chạy
A9: T05 | B9: Input biên | C9: Số cửa sổ đúng công thức | D9: Nhiều độ dài ngẫu nhiên | E9: Khớp công thức theo cách xử lý cửa sổ cuối | F9: Chưa chạy | G9: Chưa chạy
A10: T06 | B10: Input biên | C10: NaN / Inf trong input | D10: Chèn NaN vào giữa file | E10: Không crash; báo lỗi hoặc thay 0 | F10: Chưa chạy | G10: Chưa chạy
A11: T07 | B11: Input biên | C11: Biên độ ngoài [-1, 1] / int16 full scale | D11: Sóng vuông full scale | E11: Được clip/chuẩn hóa, không tràn số | F11: Chưa chạy | G11: Chưa chạy
A12: T08 | B12: Input biên | C12: Digital silence dài | D12: 1 giờ toàn 0 | E12: 0 segment | F12: Chưa chạy | G12: Chưa chạy
A13: T09 | B13: Định dạng input | C13: Các sample rate hỗ trợ | D13: 8; 11.025; 16; 22.05; 32; 44.1; 48 kHz | E13: Chạy đúng; timestamp tính theo thời gian thật | F13: Chưa chạy | G13: Chưa chạy
A14: T10 | B14: Định dạng input | C14: Sample rate không hỗ trợ | D14: vd 7 kHz, 192 kHz | E14: Trả mã lỗi rõ ràng | F14: Chưa chạy | G14: Chưa chạy
A15: T11 | B15: Định dạng input | C15: Stereo hai kênh giống nhau | E15: Kết quả giống hệt input mono | F15: Chưa chạy | G15: Chưa chạy
A16: T12 | B16: Định dạng input | C16: Lời chỉ ở một kênh | D16: Kênh còn lại im lặng | E16: Vẫn phát hiện tiếng nói | F16: Chưa chạy | G16: Chưa chạy
A17: T13 | B17: Định dạng input | C17: Hai kênh ngược pha (L = −R) | E17: Ghi nhận hành vi: trung bình cộng triệt tiêu → cần quyết định có xử lý không | F17: Chưa chạy | G17: Chưa chạy
A18: T14 | B18: Định dạng input | C18: Đa kênh (5.1) | D18: Nếu API cho phép | E18: Downmix đúng quy tắc, hoặc báo lỗi rõ ràng | F18: Chưa chạy | G18: Chưa chạy
A19: T15 | B19: Định dạng input | C19: Kiểu mẫu int16 và float32 | D19: Nếu API hỗ trợ cả hai | E19: Kết quả như nhau | F19: Chưa chạy | G19: Chưa chạy
A20: T16 | B20: Hợp đồng output | C20: Segment sắp xếp, không chồng nhau | D20: Toàn bộ test set | E20: Luôn đúng | F20: Chưa chạy | G20: Chưa chạy
A21: T17 | B21: Hợp đồng output | C21: Segment nằm trong [0, thời lượng] | D21: Tiếng nói sát đầu và cuối file | E21: Pad bị cắt tại biên; không âm, không vượt | F21: Chưa chạy | G21: Chưa chạy
A22: T18 | B22: Hợp đồng output | C22: Không còn segment ngắn hơn ngưỡng drop | D22: Sau toàn bộ hậu xử lý | E22: Đúng theo thứ tự hậu xử lý đã chốt | F22: Chưa chạy | G22: Chưa chạy
A23: T19 | B23: Hợp đồng output | C23: Kết quả tất định | D23: Chạy 2 lần; đổi số thread | E23: Giống hệt | F23: Chưa chạy | G23: Chưa chạy
A24: T20 | B24: API | C24: Gọi process trước init / sau deinit | E24: Trả mã lỗi, không crash | F24: Chưa chạy | G24: Chưa chạy
A25: T21 | B25: API | C25: Tham số sai (NULL, độ dài âm) | E25: Trả mã lỗi rõ ràng | F25: Chưa chạy | G25: Chưa chạy
A26: T22 | B26: API | C26: Nhiều file liên tiếp trên cùng instance | D26: Đảo thứ tự file | E26: Kết quả mỗi file không phụ thuộc file trước | F26: Chưa chạy | G26: Chưa chạy
A27: T23 | B27: API | C27: Init/deinit lặp 1000 lần | E27: RSS không tăng; ASan/valgrind sạch | F27: Chưa chạy | G27: Chưa chạy
A28: T24 | B28: Đa luồng | C28: N instance song song trên N thread | D28: N = số core | E28: Kết quả mỗi instance giống chạy đơn | F28: Chưa chạy | G28: Chưa chạy
A29: T25 | B29: Tài nguyên | C29: ASan / UBSan trên toàn bộ test set | E29: 0 lỗi | F29: Chưa chạy | G29: Chưa chạy
A30: T26 | B30: Tài nguyên | C30: Bộ nhớ trả lại sau mỗi file | D30: heaptrack | E30: RSS quay về mức sau init | F30: Chưa chạy | G30: Chưa chạy
A31: T27 | B31: Tài nguyên | C31: File dài nhất theo hợp đồng input | D31: Độ dài tối đa trong Snapshot | E31: Chạy xong, không tràn RAM | F31: Chưa chạy | G31: Chưa chạy
A32: T28 | B32: Build | C32: Symbol export chỉ gồm API public | D32: nm -D lib.so | E32: Chỉ các hàm API | F32: Chưa chạy | G32: Chưa chạy
A33: T29 | B33: Build | C33: Build & test đủ ABI đích | D33: arm64-v8a, armeabi-v7a, x86_64 | E33: Pass trên mọi ABI | F33: Chưa chạy | G33: Chưa chạy
A34: T30 | B34: Build | C34: Tương thích API/ABI với bản trước | D34: abi-compliance-checker | E34: Không vỡ ABI, hoặc tăng major version | F34: Chưa chạy | G34: Chưa chạy
E36: Tổng hợp | F36: Baseline | G36: Candidate
E37: Đạt | F37: =COUNTIF(F$5:F$34,"Đạt") | G37: =COUNTIF(G$5:G$34,"Đạt")
E38: Không đạt | F38: =COUNTIF(F$5:F$34,"Không đạt") | G38: =COUNTIF(G$5:G$34,"Không đạt")
E39: Chưa chạy | F39: =COUNTIF(F$5:F$34,"Chưa chạy") | G39: =COUNTIF(G$5:G$34,"Chưa chạy")
E40: Không áp dụng | F40: =COUNTIF(F$5:F$34,"Không áp dụng") | G40: =COUNTIF(G$5:G$34,"Không áp dụng")

Sheet Hop sweep
A1: Đường cong chất lượng – chi phí theo hop (tùy chọn)
A2: Mỗi hop phải tune lại pad / drop / merge / ngưỡng trên dev trước khi đo trên test. Vàng = bạn điền; xám = ví dụ.
A4: Window (s) | B4: =IF(Snapshot!C20="","",Snapshot!C20)
A6: Cấu hình | B6: Hop (s) | C6: Inference / phút audio | D6: Overlap | E6: Hậu xử lý tune lại? | F6: F1 strict | G6: DCF | H6: |Δonset| p95 (ms) | I6: RTF | J6: Thời gian CPU / phút audio (s) | K6: Năng lượng (J / phút audio) | L6: ΔF1 so với hop đầu | M6: Giảm RTF so với hop đầu | N6: Ghi chú
A7: H1 – baseline | B7: 0.08 | C7: =IF(OR(B7="",B7=0),"",60/B7) | D7: =IF(OR(B7="",$B$4=""),"",MAX(0,1-B7/$B$4)) | E7: Có | F7: 0.936 | G7: 0.041 | H7: 120 | I7: 0.16 | J7: 9.8 | K7: 11.5 | L7: =IF(OR(F7="",$F$7=""),"",F7-$F$7) | M7: =IF(OR(I7="",$I$7="",$I$7=0),"",1-I7/$I$7)
A8: H2 | B8: 0.16 | C8: =IF(OR(B8="",B8=0),"",60/B8) | D8: =IF(OR(B8="",$B$4=""),"",MAX(0,1-B8/$B$4)) | L8: =IF(OR(F8="",$F$7=""),"",F8-$F$7) | M8: =IF(OR(I8="",$I$7="",$I$7=0),"",1-I8/$I$7)
A9: H3 | B9: 0.24 | C9: =IF(OR(B9="",B9=0),"",60/B9) | D9: =IF(OR(B9="",$B$4=""),"",MAX(0,1-B9/$B$4)) | L9: =IF(OR(F9="",$F$7=""),"",F9-$F$7) | M9: =IF(OR(I9="",$I$7="",$I$7=0),"",1-I9/$I$7)
A10: H4 | B10: 0.32 | C10: =IF(OR(B10="",B10=0),"",60/B10) | D10: =IF(OR(B10="",$B$4=""),"",MAX(0,1-B10/$B$4)) | L10: =IF(OR(F10="",$F$7=""),"",F10-$F$7) | M10: =IF(OR(I10="",$I$7="",$I$7=0),"",1-I10/$I$7)
A11: H5 | B11: 0.48 | C11: =IF(OR(B11="",B11=0),"",60/B11) | D11: =IF(OR(B11="",$B$4=""),"",MAX(0,1-B11/$B$4)) | L11: =IF(OR(F11="",$F$7=""),"",F11-$F$7) | M11: =IF(OR(I11="",$I$7="",$I$7=0),"",1-I11/$I$7)
A12: H6 | B12: 0.96 | C12: =IF(OR(B12="",B12=0),"",60/B12) | D12: =IF(OR(B12="",$B$4=""),"",MAX(0,1-B12/$B$4)) | L12: =IF(OR(F12="",$F$7=""),"",F12-$F$7) | M12: =IF(OR(I12="",$I$7="",$I$7=0),"",1-I12/$I$7)

Sheet Tich hop decode
A1: Tích hợp decode mp3/mp4 (phía app, ngoài lib)
A2: Không tính vào gate của lib, nhưng lỗi ở đây làm lệch timestamp và chất lượng end-to-end. Vàng = bạn điền; xám = ví dụ.
A4: A. Thiết lập
B5: Decoder & version | G5: ffmpeg / MediaCodec / AVFoundation / minimp3…
B6: Có bù encoder delay / priming (gapless) không | G6: MP3: LAME header; AAC: edit list / iTunSMPB
B7: Quy tắc chọn track khi mp4 có nhiều track audio
B8: Quy ước timeline khi audio mp4 bắt đầu trễ hơn video | G8: Timestamp segment theo timeline audio hay video?
B9: Định dạng PCM đưa vào lib | G9: Phải khớp hợp đồng input trong Snapshot
A11: B. Độ lệch timestamp và thời lượng sau decode
A12: Cách đo: nén từ wav gốc, decode bằng decoder của app, cross-correlation với wav gốc để lấy lệch đầu; so thời lượng.
B13: Ngưỡng |lệch đầu| cho phép | C13: ms | D13: 20
B14: Ngưỡng |chênh thời lượng| cho phép | C14: ms | D14: 80
A15: Mã | B15: Định dạng | C15: Encoder / nguồn | D15: Lệch đầu (ms) | E15: Chênh thời lượng (ms) | F15: Kết luận | G15: Ghi chú
A16: D01 | B16: MP3 CBR 128 kbps | C16: LAME | D16: 2 | E16: 5 | F16: =IF(OR(D16="",E16=""),"",IF(AND(ABS(D16)<=$D$13,ABS(E16)<=$D$14),"Đạt","Không đạt"))
A17: D02 | B17: MP3 VBR | C17: LAME | F17: =IF(OR(D17="",E17=""),"",IF(AND(ABS(D17)<=$D$13,ABS(E17)<=$D$14),"Đạt","Không đạt"))
A18: D03 | B18: MP3 không có header gapless | C18: encoder khác | F18: =IF(OR(D18="",E18=""),"",IF(AND(ABS(D18)<=$D$13,ABS(E18)<=$D$14),"Đạt","Không đạt"))
A19: D04 | B19: AAC-LC 128 kbps trong mp4 | C19: ffmpeg | F19: =IF(OR(D19="",E19=""),"",IF(AND(ABS(D19)<=$D$13,ABS(E19)<=$D$14),"Đạt","Không đạt"))
A20: D05 | B20: AAC-LC trong mp4 | C20: Apple / iTunes | F20: =IF(OR(D20="",E20=""),"",IF(AND(ABS(D20)<=$D$13,ABS(E20)<=$D$14),"Đạt","Không đạt"))
A21: D06 | B21: HE-AAC 48 kbps trong mp4 | F21: =IF(OR(D21="",E21=""),"",IF(AND(ABS(D21)<=$D$13,ABS(E21)<=$D$14),"Đạt","Không đạt"))
A22: D07 | B22: mp4 có edit list (audio bắt đầu trễ) | F22: =IF(OR(D22="",E22=""),"",IF(AND(ABS(D22)<=$D$13,ABS(E22)<=$D$14),"Đạt","Không đạt"))
A23: D08 | B23: mp4 quay từ điện thoại | C23: Android / iOS | F23: =IF(OR(D23="",E23=""),"",IF(AND(ABS(D23)<=$D$13,ABS(E23)<=$D$14),"Đạt","Không đạt"))
A25: C. Checklist định dạng và file lỗi
A26: Mã | B26: Tình huống | C26: Kỳ vọng | F26: Kết quả | G26: Ghi chú
A27: I01 | B27: Mono / stereo / 5.1 | C27: Decode đúng số kênh; truyền đúng layout cho lib | F27: Chưa chạy
A28: I02 | B28: Sample rate 8–48 kHz | C28: Truyền đúng sample rate cho lib | F28: Chưa chạy
A29: I03 | B29: MP3 VBR (có / không có header Xing) | C29: Thời lượng đúng | F29: Chưa chạy
A30: I04 | B30: mp4 nhiều track audio | C30: Chọn đúng track theo quy tắc ở mục A | F30: Chưa chạy
A31: I05 | B31: mp4 không có track audio | C31: Báo lỗi rõ ràng, không gọi lib | F31: Chưa chạy
A32: I06 | B32: File bị cắt cụt | C32: Decode phần còn lại, không crash | F32: Chưa chạy
A33: I07 | B33: File hỏng header / không phải audio | C33: Báo lỗi rõ ràng | F33: Chưa chạy
A34: I08 | B34: Tag ID3 / metadata lớn, ảnh bìa | C34: Không ảnh hưởng timestamp | F34: Chưa chạy
A35: I09 | B35: File rất dài (≥ 3 giờ) | C35: Không tràn RAM khi decode và khi đưa vào lib | F35: Chưa chạy
A36: I10 | B36: Audio mp4 bắt đầu trễ hơn video | C36: Timestamp đúng theo quy ước ở mục A | F36: Chưa chạy
A38: D. Chi phí decode (tùy chọn)
B39: Chỉ số | C39: Đơn vị | D39: Giá trị | G39: Ghi chú
B40: Thời gian decode cho 1 phút audio | C40: ms | G40: mp3 và mp4 đo riêng nếu khác nhiều
B41: Peak RAM khi decode file 60 phút | C41: MB
B42: Thời gian decode / thời gian lib | C42: % | D42: =IF(OR(D40="",Performance!C34="",Performance!C34=0),"",D40/Performance!C34) | G42: So với Performance mục C
B44: Tổng hợp | C44: Mục B | D44: Mục C
B45: Đạt | C45: =COUNTIF(F16:F23,"Đạt") | D45: =COUNTIF(F27:F36,"Đạt")
B46: Không đạt | C46: =COUNTIF(F16:F23,"Không đạt") | D46: =COUNTIF(F27:F36,"Không đạt")
B47: Chưa chạy | C47: =COUNTBLANK(D16:D23) | D47: =COUNTIF(F27:F36,"Chưa chạy")

Sheet KQ du lieu that
A1: Kết quả đánh giá – chỉ số tính bằng công thức
A2: Nguồn: results_test/ (evaluate_real.py, 29/09/2026). 144 file; Nhãn trong C:/Users/leuhu/OneDrive/Máy tính/test/data/AAA/Ground_truth. Python reference, chưa phải output lib.
A3: Nền vàng = tham số bạn chỉnh (B6:B10) · chữ đen = công thức · chữ xanh = số nhập từ Python (bootstrap, event, AUC chính xác…; không tính lại trong Excel). Đổi tham số thì mọi bảng và sheet template liên kết tự tính lại; hình vẽ bằng Python thì không.
A5: Tham số
A6: Trọng số miss trong DCF (FA = 1 − ô này) | B6: 0.75
A7: Cấu hình hậu xử lý cho tầng B, category | B7: A4
A8: Tiêu chí chọn ngưỡng trên dev | B8: DCF-min
A9: Mốc FPR 1 (TPR@FPR) | B9: 0.01
A10: Mốc FPR 2 (TPR@FPR) | B10: 0.05
A11: Ngưỡng dùng (tự chọn trên dev theo B7, B8) | B11: =INDEX($I$17:$I$21,MATCH($B$7,$A$17:$A$21,0))
A12: Ngưỡng Python đã dùng cho số theo đoạn, CI, Δbiên, hình | B12: 0.02
A13: Kiểm tra | B13: =IF(AND(ABS(B11-B12)<0.0000001,B7="A4"),"Khớp","KHÁC: số theo đoạn, CI, Δbiên, hình vẫn ở ngưỡng Python / A4")
A15: A. Chọn ngưỡng trên dev / val tổng hợp (qua toàn pipeline; DCF theo trọng số B6)
A16: Cấu hình | B16: Mô tả | C16: Ngưỡng DCF-min (dev) | D16: DCF min (dev) | E16: Ngưỡng F1-max (dev) | F16: F1 max (dev) | G16: Ngưỡng DCF-min (val tổng hợp) | H16: Ngưỡng F1-max (val tổng hợp) | I16: Ngưỡng dùng (theo B8)
A17: A0 | B17: Điểm bin thô, không hậu xử lý | C17: =INDEX('DL quet nguong'!$E$5:$E$99,MATCH(MIN('DL quet nguong'!$R$5:$R$99),'DL quet nguong'!$R$5:$R$99,0)) | D17: =MIN('DL quet nguong'!$R$5:$R$99) | E17: =INDEX('DL quet nguong'!$E$5:$E$99,MATCH(MAX('DL quet nguong'!$Q$5:$Q$99),'DL quet nguong'!$Q$5:$Q$99,0)) | F17: =MAX('DL quet nguong'!$Q$5:$Q$99) | G17: =INDEX('DL quet nguong'!$E$480:$E$574,MATCH(MIN('DL quet nguong'!$R$480:$R$574),'DL quet nguong'!$R$480:$R$574,0)) | H17: =INDEX('DL quet nguong'!$E$480:$E$574,MATCH(MAX('DL quet nguong'!$Q$480:$Q$574),'DL quet nguong'!$Q$480:$Q$574,0)) | I17: =IF($B$8="F1-max",E17,C17)
A18: A1 | B18: Rescore (trọng số tam giác theo tâm cửa sổ + làm mượt trung bình 5 hop) + rebin | C18: =INDEX('DL quet nguong'!$E$100:$E$194,MATCH(MIN('DL quet nguong'!$R$100:$R$194),'DL quet nguong'!$R$100:$R$194,0)) | D18: =MIN('DL quet nguong'!$R$100:$R$194) | E18: =INDEX('DL quet nguong'!$E$100:$E$194,MATCH(MAX('DL quet nguong'!$Q$100:$Q$194),'DL quet nguong'!$Q$100:$Q$194,0)) | F18: =MAX('DL quet nguong'!$Q$100:$Q$194) | G18: =INDEX('DL quet nguong'!$E$575:$E$669,MATCH(MIN('DL quet nguong'!$R$575:$R$669),'DL quet nguong'!$R$575:$R$669,0)) | H18: =INDEX('DL quet nguong'!$E$575:$E$669,MATCH(MAX('DL quet nguong'!$Q$575:$Q$669),'DL quet nguong'!$Q$575:$Q$669,0)) | I18: =IF($B$8="F1-max",E18,C18)
A19: A2 | B19: + pad 100/120 ms | C19: =INDEX('DL quet nguong'!$E$195:$E$289,MATCH(MIN('DL quet nguong'!$R$195:$R$289),'DL quet nguong'!$R$195:$R$289,0)) | D19: =MIN('DL quet nguong'!$R$195:$R$289) | E19: =INDEX('DL quet nguong'!$E$195:$E$289,MATCH(MAX('DL quet nguong'!$Q$195:$Q$289),'DL quet nguong'!$Q$195:$Q$289,0)) | F19: =MAX('DL quet nguong'!$Q$195:$Q$289) | G19: =INDEX('DL quet nguong'!$E$670:$E$764,MATCH(MIN('DL quet nguong'!$R$670:$R$764),'DL quet nguong'!$R$670:$R$764,0)) | H19: =INDEX('DL quet nguong'!$E$670:$E$764,MATCH(MAX('DL quet nguong'!$Q$670:$Q$764),'DL quet nguong'!$Q$670:$Q$764,0)) | I19: =IF($B$8="F1-max",E19,C19)
A20: A3 | B20: + merge < 500 ms | C20: =INDEX('DL quet nguong'!$E$290:$E$384,MATCH(MIN('DL quet nguong'!$R$290:$R$384),'DL quet nguong'!$R$290:$R$384,0)) | D20: =MIN('DL quet nguong'!$R$290:$R$384) | E20: =INDEX('DL quet nguong'!$E$290:$E$384,MATCH(MAX('DL quet nguong'!$Q$290:$Q$384),'DL quet nguong'!$Q$290:$Q$384,0)) | F20: =MAX('DL quet nguong'!$Q$290:$Q$384) | G20: =INDEX('DL quet nguong'!$E$765:$E$859,MATCH(MIN('DL quet nguong'!$R$765:$R$859),'DL quet nguong'!$R$765:$R$859,0)) | H20: =INDEX('DL quet nguong'!$E$765:$E$859,MATCH(MAX('DL quet nguong'!$Q$765:$Q$859),'DL quet nguong'!$Q$765:$Q$859,0)) | I20: =IF($B$8="F1-max",E20,C20)
A21: A4 | B21: + pad + merge (hiện tại) | C21: =INDEX('DL quet nguong'!$E$385:$E$479,MATCH(MIN('DL quet nguong'!$R$385:$R$479),'DL quet nguong'!$R$385:$R$479,0)) | D21: =MIN('DL quet nguong'!$R$385:$R$479) | E21: =INDEX('DL quet nguong'!$E$385:$E$479,MATCH(MAX('DL quet nguong'!$Q$385:$Q$479),'DL quet nguong'!$Q$385:$Q$479,0)) | F21: =MAX('DL quet nguong'!$Q$385:$Q$479) | G21: =INDEX('DL quet nguong'!$E$860:$E$954,MATCH(MIN('DL quet nguong'!$R$860:$R$954),'DL quet nguong'!$R$860:$R$954,0)) | H21: =INDEX('DL quet nguong'!$E$860:$E$954,MATCH(MAX('DL quet nguong'!$Q$860:$Q$954),'DL quet nguong'!$Q$860:$Q$954,0)) | I21: =IF($B$8="F1-max",E21,C21)
A22: Tham khảo (Python): ngưỡng Youden trên điểm thô – val tổng hợp / dev | C22: 0.43727817 | E22: 0.14381767
A24: B. Tầng B trên test (cấu hình B7, ngưỡng B11)
A25: Chế độ | B25: Vùng bin | C25: TP | D25: FN | E25: FP | F25: TN | G25: MR | H25: FAR | I25: Precision | J25: Recall | K25: F1 | L25: Specificity | M25: DCF | N25: CI95 F1 (Python) | O25: CI95 DCF (Python) | P25: CI95 MR (Python) | Q25: CI95 FAR (Python)
A26: Strict (mọi bin) | B26: all | C26: =SUMIFS('DL quet nguong'!$F$5:$F$8079,'DL quet nguong'!$A$5:$A$8079,"test",'DL quet nguong'!$B$5:$B$8079,$B$7,'DL quet nguong'!$D$5:$D$8079,$B26,'DL quet nguong'!$E$5:$E$8079,$B$11) | D26: =SUMIFS('DL quet nguong'!$G$5:$G$8079,'DL quet nguong'!$A$5:$A$8079,"test",'DL quet nguong'!$B$5:$B$8079,$B$7,'DL quet nguong'!$D$5:$D$8079,$B26,'DL quet nguong'!$E$5:$E$8079,$B$11) | E26: =SUMIFS('DL quet nguong'!$H$5:$H$8079,'DL quet nguong'!$A$5:$A$8079,"test",'DL quet nguong'!$B$5:$B$8079,$B$7,'DL quet nguong'!$D$5:$D$8079,$B26,'DL quet nguong'!$E$5:$E$8079,$B$11) | F26: =SUMIFS('DL quet nguong'!$I$5:$I$8079,'DL quet nguong'!$A$5:$A$8079,"test",'DL quet nguong'!$B$5:$B$8079,$B$7,'DL quet nguong'!$D$5:$D$8079,$B26,'DL quet nguong'!$E$5:$E$8079,$B$11) | G26: =IF(C26+D26=0,"",D26/(C26+D26)) | H26: =IF(E26+F26=0,"",E26/(E26+F26)) | I26: =IF(C26+E26=0,"",C26/(C26+E26)) | J26: =IF(C26+D26=0,"",C26/(C26+D26)) | K26: =IF(2*C26+D26+E26=0,"",2*C26/(2*C26+D26+E26)) | L26: =IF(E26+F26=0,"",F26/(E26+F26)) | M26: =IF(OR(G26="",H26=""),"",'KQ du lieu that'!$B$6*G26+(1-'KQ du lieu that'!$B$6)*H26) | N26: 0.489–0.662 | O26: 0.162–0.219 | P26: 2.4%–9.0% | Q26: 52.5%–67.9%
A27: Collar ±1 bin (bỏ bin biên) | B27: nb | C27: =SUMIFS('DL quet nguong'!$F$5:$F$8079,'DL quet nguong'!$A$5:$A$8079,"test",'DL quet nguong'!$B$5:$B$8079,$B$7,'DL quet nguong'!$D$5:$D$8079,$B27,'DL quet nguong'!$E$5:$E$8079,$B$11) | D27: =SUMIFS('DL quet nguong'!$G$5:$G$8079,'DL quet nguong'!$A$5:$A$8079,"test",'DL quet nguong'!$B$5:$B$8079,$B$7,'DL quet nguong'!$D$5:$D$8079,$B27,'DL quet nguong'!$E$5:$E$8079,$B$11) | E27: =SUMIFS('DL quet nguong'!$H$5:$H$8079,'DL quet nguong'!$A$5:$A$8079,"test",'DL quet nguong'!$B$5:$B$8079,$B$7,'DL quet nguong'!$D$5:$D$8079,$B27,'DL quet nguong'!$E$5:$E$8079,$B$11) | F27: =SUMIFS('DL quet nguong'!$I$5:$I$8079,'DL quet nguong'!$A$5:$A$8079,"test",'DL quet nguong'!$B$5:$B$8079,$B$7,'DL quet nguong'!$D$5:$D$8079,$B27,'DL quet nguong'!$E$5:$E$8079,$B$11) | G27: =IF(C27+D27=0,"",D27/(C27+D27)) | H27: =IF(E27+F27=0,"",E27/(E27+F27)) | I27: =IF(C27+E27=0,"",C27/(C27+E27)) | J27: =IF(C27+D27=0,"",C27/(C27+D27)) | K27: =IF(2*C27+D27+E27=0,"",2*C27/(2*C27+D27+E27)) | L27: =IF(E27+F27=0,"",F27/(E27+F27)) | M27: =IF(OR(G27="",H27=""),"",'KQ du lieu that'!$B$6*G27+(1-'KQ du lieu that'!$B$6)*H27) | N27: 0.447–0.667
A28: Chỉ bin biên | B28: b | C28: =SUMIFS('DL quet nguong'!$F$5:$F$8079,'DL quet nguong'!$A$5:$A$8079,"test",'DL quet nguong'!$B$5:$B$8079,$B$7,'DL quet nguong'!$D$5:$D$8079,$B28,'DL quet nguong'!$E$5:$E$8079,$B$11) | D28: =SUMIFS('DL quet nguong'!$G$5:$G$8079,'DL quet nguong'!$A$5:$A$8079,"test",'DL quet nguong'!$B$5:$B$8079,$B$7,'DL quet nguong'!$D$5:$D$8079,$B28,'DL quet nguong'!$E$5:$E$8079,$B$11) | E28: =SUMIFS('DL quet nguong'!$H$5:$H$8079,'DL quet nguong'!$A$5:$A$8079,"test",'DL quet nguong'!$B$5:$B$8079,$B$7,'DL quet nguong'!$D$5:$D$8079,$B28,'DL quet nguong'!$E$5:$E$8079,$B$11) | F28: =SUMIFS('DL quet nguong'!$I$5:$I$8079,'DL quet nguong'!$A$5:$A$8079,"test",'DL quet nguong'!$B$5:$B$8079,$B$7,'DL quet nguong'!$D$5:$D$8079,$B28,'DL quet nguong'!$E$5:$E$8079,$B$11) | G28: =IF(C28+D28=0,"",D28/(C28+D28)) | H28: =IF(E28+F28=0,"",E28/(E28+F28)) | I28: =IF(C28+E28=0,"",C28/(C28+E28)) | J28: =IF(C28+D28=0,"",C28/(C28+D28)) | K28: =IF(2*C28+D28+E28=0,"",2*C28/(2*C28+D28+E28)) | L28: =IF(E28+F28=0,"",F28/(E28+F28)) | M28: =IF(OR(G28="",H28=""),"",'KQ du lieu that'!$B$6*G28+(1-'KQ du lieu that'!$B$6)*H28)
A30: C. Theo category (test; cấu hình B7, ngưỡng B11)
A31: Category | B31: #file | C31: TP | D31: FN | E31: FP | F31: TN | G31: FEC | H31: MSC | I31: OVER | J31: NDS | K31: TP ±1 | L31: FN ±1 | M31: FP ±1 | N31: TN ±1 | O31: % speech | P31: MR | Q31: FAR | R31: Precision | S31: F1 strict | T31: F1 ±1 bin | U31: DCF | V31: Lỗi biên (FEC+OVER) | W31: Lỗi thật (MSC+NDS) | X31: F1 CI95 thấp (Python) | Y31: F1 CI95 cao (Python)
A32: Asm | B32: =COUNTIFS('DL theo file'!$B$5:$B$148,$A32,'DL theo file'!$C$5:$C$148,"test") | C32: =SUMIFS('DL quet nguong'!$F$5:$F$8079,'DL quet nguong'!$A$5:$A$8079,"test",'DL quet nguong'!$B$5:$B$8079,$B$7,'DL quet nguong'!$D$5:$D$8079,"all",'DL quet nguong'!$E$5:$E$8079,$B$11,'DL quet nguong'!$C$5:$C$8079,$A32) | D32: =SUMIFS('DL quet nguong'!$G$5:$G$8079,'DL quet nguong'!$A$5:$A$8079,"test",'DL quet nguong'!$B$5:$B$8079,$B$7,'DL quet nguong'!$D$5:$D$8079,"all",'DL quet nguong'!$E$5:$E$8079,$B$11,'DL quet nguong'!$C$5:$C$8079,$A32) | E32: =SUMIFS('DL quet nguong'!$H$5:$H$8079,'DL quet nguong'!$A$5:$A$8079,"test",'DL quet nguong'!$B$5:$B$8079,$B$7,'DL quet nguong'!$D$5:$D$8079,"all",'DL quet nguong'!$E$5:$E$8079,$B$11,'DL quet nguong'!$C$5:$C$8079,$A32) | F32: =SUMIFS('DL quet nguong'!$I$5:$I$8079,'DL quet nguong'!$A$5:$A$8079,"test",'DL quet nguong'!$B$5:$B$8079,$B$7,'DL quet nguong'!$D$5:$D$8079,"all",'DL quet nguong'!$E$5:$E$8079,$B$11,'DL quet nguong'!$C$5:$C$8079,$A32) | G32: =SUMIFS('DL quet nguong'!$J$5:$J$8079,'DL quet nguong'!$A$5:$A$8079,"test",'DL quet nguong'!$B$5:$B$8079,$B$7,'DL quet nguong'!$D$5:$D$8079,"all",'DL quet nguong'!$E$5:$E$8079,$B$11,'DL quet nguong'!$C$5:$C$8079,$A32) | H32: =SUMIFS('DL quet nguong'!$K$5:$K$8079,'DL quet nguong'!$A$5:$A$8079,"test",'DL quet nguong'!$B$5:$B$8079,$B$7,'DL quet nguong'!$D$5:$D$8079,"all",'DL quet nguong'!$E$5:$E$8079,$B$11,'DL quet nguong'!$C$5:$C$8079,$A32) | I32: =SUMIFS('DL quet nguong'!$L$5:$L$8079,'DL quet nguong'!$A$5:$A$8079,"test",'DL quet nguong'!$B$5:$B$8079,$B$7,'DL quet nguong'!$D$5:$D$8079,"all",'DL quet nguong'!$E$5:$E$8079,$B$11,'DL quet nguong'!$C$5:$C$8079,$A32) | J32: =SUMIFS('DL quet nguong'!$M$5:$M$8079,'DL quet nguong'!$A$5:$A$8079,"test",'DL quet nguong'!$B$5:$B$8079,$B$7,'DL quet nguong'!$D$5:$D$8079,"all",'DL quet nguong'!$E$5:$E$8079,$B$11,'DL quet nguong'!$C$5:$C$8079,$A32) | K32: =SUMIFS('DL quet nguong'!$F$5:$F$8079,'DL quet nguong'!$A$5:$A$8079,"test",'DL quet nguong'!$B$5:$B$8079,$B$7,'DL quet nguong'!$D$5:$D$8079,"nb",'DL quet nguong'!$E$5:$E$8079,$B$11,'DL quet nguong'!$C$5:$C$8079,$A32) | L32: =SUMIFS('DL quet nguong'!$G$5:$G$8079,'DL quet nguong'!$A$5:$A$8079,"test",'DL quet nguong'!$B$5:$B$8079,$B$7,'DL quet nguong'!$D$5:$D$8079,"nb",'DL quet nguong'!$E$5:$E$8079,$B$11,'DL quet nguong'!$C$5:$C$8079,$A32) | M32: =SUMIFS('DL quet nguong'!$H$5:$H$8079,'DL quet nguong'!$A$5:$A$8079,"test",'DL quet nguong'!$B$5:$B$8079,$B$7,'DL quet nguong'!$D$5:$D$8079,"nb",'DL quet nguong'!$E$5:$E$8079,$B$11,'DL quet nguong'!$C$5:$C$8079,$A32) | N32: =SUMIFS('DL quet nguong'!$I$5:$I$8079,'DL quet nguong'!$A$5:$A$8079,"test",'DL quet nguong'!$B$5:$B$8079,$B$7,'DL quet nguong'!$D$5:$D$8079,"nb",'DL quet nguong'!$E$5:$E$8079,$B$11,'DL quet nguong'!$C$5:$C$8079,$A32) | O32: =IF(SUM(C32:F32)=0,"",(C32+D32)/SUM(C32:F32)) | P32: =IF(C32+D32=0,"",D32/(C32+D32)) | Q32: =IF(E32+F32=0,"",E32/(E32+F32)) | R32: =IF(C32+E32=0,"",C32/(C32+E32)) | S32: =IF(2*C32+D32+E32=0,"",2*C32/(2*C32+D32+E32)) | T32: =IF(2*K32+L32+M32=0,"",2*K32/(2*K32+L32+M32)) | U32: =IF(OR(P32="",Q32=""),"",'KQ du lieu that'!$B$6*P32+(1-'KQ du lieu that'!$B$6)*Q32) | V32: =G32+I32 | W32: =H32+J32 | X32: 0.40595781 | Y32: 0.68146736
A33: Babble | B33: =COUNTIFS('DL theo file'!$B$5:$B$148,$A33,'DL theo file'!$C$5:$C$148,"test") | C33: =SUMIFS('DL quet nguong'!$F$5:$F$8079,'DL quet nguong'!$A$5:$A$8079,"test",'DL quet nguong'!$B$5:$B$8079,$B$7,'DL quet nguong'!$D$5:$D$8079,"all",'DL quet nguong'!$E$5:$E$8079,$B$11,'DL quet nguong'!$C$5:$C$8079,$A33) | D33: =SUMIFS('DL quet nguong'!$G$5:$G$8079,'DL quet nguong'!$A$5:$A$8079,"test",'DL quet nguong'!$B$5:$B$8079,$B$7,'DL quet nguong'!$D$5:$D$8079,"all",'DL quet nguong'!$E$5:$E$8079,$B$11,'DL quet nguong'!$C$5:$C$8079,$A33) | E33: =SUMIFS('DL quet nguong'!$H$5:$H$8079,'DL quet nguong'!$A$5:$A$8079,"test",'DL quet nguong'!$B$5:$B$8079,$B$7,'DL quet nguong'!$D$5:$D$8079,"all",'DL quet nguong'!$E$5:$E$8079,$B$11,'DL quet nguong'!$C$5:$C$8079,$A33) | F33: =SUMIFS('DL quet nguong'!$I$5:$I$8079,'DL quet nguong'!$A$5:$A$8079,"test",'DL quet nguong'!$B$5:$B$8079,$B$7,'DL quet nguong'!$D$5:$D$8079,"all",'DL quet nguong'!$E$5:$E$8079,$B$11,'DL quet nguong'!$C$5:$C$8079,$A33) | G33: =SUMIFS('DL quet nguong'!$J$5:$J$8079,'DL quet nguong'!$A$5:$A$8079,"test",'DL quet nguong'!$B$5:$B$8079,$B$7,'DL quet nguong'!$D$5:$D$8079,"all",'DL quet nguong'!$E$5:$E$8079,$B$11,'DL quet nguong'!$C$5:$C$8079,$A33) | H33: =SUMIFS('DL quet nguong'!$K$5:$K$8079,'DL quet nguong'!$A$5:$A$8079,"test",'DL quet nguong'!$B$5:$B$8079,$B$7,'DL quet nguong'!$D$5:$D$8079,"all",'DL quet nguong'!$E$5:$E$8079,$B$11,'DL quet nguong'!$C$5:$C$8079,$A33) | I33: =SUMIFS('DL quet nguong'!$L$5:$L$8079,'DL quet nguong'!$A$5:$A$8079,"test",'DL quet nguong'!$B$5:$B$8079,$B$7,'DL quet nguong'!$D$5:$D$8079,"all",'DL quet nguong'!$E$5:$E$8079,$B$11,'DL quet nguong'!$C$5:$C$8079,$A33) | J33: =SUMIFS('DL quet nguong'!$M$5:$M$8079,'DL quet nguong'!$A$5:$A$8079,"test",'DL quet nguong'!$B$5:$B$8079,$B$7,'DL quet nguong'!$D$5:$D$8079,"all",'DL quet nguong'!$E$5:$E$8079,$B$11,'DL quet nguong'!$C$5:$C$8079,$A33) | K33: =SUMIFS('DL quet nguong'!$F$5:$F$8079,'DL quet nguong'!$A$5:$A$8079,"test",'DL quet nguong'!$B$5:$B$8079,$B$7,'DL quet nguong'!$D$5:$D$8079,"nb",'DL quet nguong'!$E$5:$E$8079,$B$11,'DL quet nguong'!$C$5:$C$8079,$A33) | L33: =SUMIFS('DL quet nguong'!$G$5:$G$8079,'DL quet nguong'!$A$5:$A$8079,"test",'DL quet nguong'!$B$5:$B$8079,$B$7,'DL quet nguong'!$D$5:$D$8079,"nb",'DL quet nguong'!$E$5:$E$8079,$B$11,'DL quet nguong'!$C$5:$C$8079,$A33) | M33: =SUMIFS('DL quet nguong'!$H$5:$H$8079,'DL quet nguong'!$A$5:$A$8079,"test",'DL quet nguong'!$B$5:$B$8079,$B$7,'DL quet nguong'!$D$5:$D$8079,"nb",'DL quet nguong'!$E$5:$E$8079,$B$11,'DL quet nguong'!$C$5:$C$8079,$A33) | N33: =SUMIFS('DL quet nguong'!$I$5:$I$8079,'DL quet nguong'!$A$5:$A$8079,"test",'DL quet nguong'!$B$5:$B$8079,$B$7,'DL quet nguong'!$D$5:$D$8079,"nb",'DL quet nguong'!$E$5:$E$8079,$B$11,'DL quet nguong'!$C$5:$C$8079,$A33) | O33: =IF(SUM(C33:F33)=0,"",(C33+D33)/SUM(C33:F33)) | P33: =IF(C33+D33=0,"",D33/(C33+D33)) | Q33: =IF(E33+F33=0,"",E33/(E33+F33)) | R33: =IF(C33+E33=0,"",C33/(C33+E33)) | S33: =IF(2*C33+D33+E33=0,"",2*C33/(2*C33+D33+E33)) | T33: =IF(2*K33+L33+M33=0,"",2*K33/(2*K33+L33+M33)) | U33: =IF(OR(P33="",Q33=""),"",'KQ du lieu that'!$B$6*P33+(1-'KQ du lieu that'!$B$6)*Q33) | V33: =G33+I33 | W33: =H33+J33 | X33: 0.3406505 | Y33: 0.70609725
A34: Clean | B34: =COUNTIFS('DL theo file'!$B$5:$B$148,$A34,'DL theo file'!$C$5:$C$148,"test") | C34: =SUMIFS('DL quet nguong'!$F$5:$F$8079,'DL quet nguong'!$A$5:$A$8079,"test",'DL quet nguong'!$B$5:$B$8079,$B$7,'DL quet nguong'!$D$5:$D$8079,"all",'DL quet nguong'!$E$5:$E$8079,$B$11,'DL quet nguong'!$C$5:$C$8079,$A34) | D34: =SUMIFS('DL quet nguong'!$G$5:$G$8079,'DL quet nguong'!$A$5:$A$8079,"test",'DL quet nguong'!$B$5:$B$8079,$B$7,'DL quet nguong'!$D$5:$D$8079,"all",'DL quet nguong'!$E$5:$E$8079,$B$11,'DL quet nguong'!$C$5:$C$8079,$A34) | E34: =SUMIFS('DL quet nguong'!$H$5:$H$8079,'DL quet nguong'!$A$5:$A$8079,"test",'DL quet nguong'!$B$5:$B$8079,$B$7,'DL quet nguong'!$D$5:$D$8079,"all",'DL quet nguong'!$E$5:$E$8079,$B$11,'DL quet nguong'!$C$5:$C$8079,$A34) | F34: =SUMIFS('DL quet nguong'!$I$5:$I$8079,'DL quet nguong'!$A$5:$A$8079,"test",'DL quet nguong'!$B$5:$B$8079,$B$7,'DL quet nguong'!$D$5:$D$8079,"all",'DL quet nguong'!$E$5:$E$8079,$B$11,'DL quet nguong'!$C$5:$C$8079,$A34) | G34: =SUMIFS('DL quet nguong'!$J$5:$J$8079,'DL quet nguong'!$A$5:$A$8079,"test",'DL quet nguong'!$B$5:$B$8079,$B$7,'DL quet nguong'!$D$5:$D$8079,"all",'DL quet nguong'!$E$5:$E$8079,$B$11,'DL quet nguong'!$C$5:$C$8079,$A34) | H34: =SUMIFS('DL quet nguong'!$K$5:$K$8079,'DL quet nguong'!$A$5:$A$8079,"test",'DL quet nguong'!$B$5:$B$8079,$B$7,'DL quet nguong'!$D$5:$D$8079,"all",'DL quet nguong'!$E$5:$E$8079,$B$11,'DL quet nguong'!$C$5:$C$8079,$A34) | I34: =SUMIFS('DL quet nguong'!$L$5:$L$8079,'DL quet nguong'!$A$5:$A$8079,"test",'DL quet nguong'!$B$5:$B$8079,$B$7,'DL quet nguong'!$D$5:$D$8079,"all",'DL quet nguong'!$E$5:$E$8079,$B$11,'DL quet nguong'!$C$5:$C$8079,$A34) | J34: =SUMIFS('DL quet nguong'!$M$5:$M$8079,'DL quet nguong'!$A$5:$A$8079,"test",'DL quet nguong'!$B$5:$B$8079,$B$7,'DL quet nguong'!$D$5:$D$8079,"all",'DL quet nguong'!$E$5:$E$8079,$B$11,'DL quet nguong'!$C$5:$C$8079,$A34) | K34: =SUMIFS('DL quet nguong'!$F$5:$F$8079,'DL quet nguong'!$A$5:$A$8079,"test",'DL quet nguong'!$B$5:$B$8079,$B$7,'DL quet nguong'!$D$5:$D$8079,"nb",'DL quet nguong'!$E$5:$E$8079,$B$11,'DL quet nguong'!$C$5:$C$8079,$A34) | L34: =SUMIFS('DL quet nguong'!$G$5:$G$8079,'DL quet nguong'!$A$5:$A$8079,"test",'DL quet nguong'!$B$5:$B$8079,$B$7,'DL quet nguong'!$D$5:$D$8079,"nb",'DL quet nguong'!$E$5:$E$8079,$B$11,'DL quet nguong'!$C$5:$C$8079,$A34) | M34: =SUMIFS('DL quet nguong'!$H$5:$H$8079,'DL quet nguong'!$A$5:$A$8079,"test",'DL quet nguong'!$B$5:$B$8079,$B$7,'DL quet nguong'!$D$5:$D$8079,"nb",'DL quet nguong'!$E$5:$E$8079,$B$11,'DL quet nguong'!$C$5:$C$8079,$A34) | N34: =SUMIFS('DL quet nguong'!$I$5:$I$8079,'DL quet nguong'!$A$5:$A$8079,"test",'DL quet nguong'!$B$5:$B$8079,$B$7,'DL quet nguong'!$D$5:$D$8079,"nb",'DL quet nguong'!$E$5:$E$8079,$B$11,'DL quet nguong'!$C$5:$C$8079,$A34) | O34: =IF(SUM(C34:F34)=0,"",(C34+D34)/SUM(C34:F34)) | P34: =IF(C34+D34=0,"",D34/(C34+D34)) | Q34: =IF(E34+F34=0,"",E34/(E34+F34)) | R34: =IF(C34+E34=0,"",C34/(C34+E34)) | S34: =IF(2*C34+D34+E34=0,"",2*C34/(2*C34+D34+E34)) | T34: =IF(2*K34+L34+M34=0,"",2*K34/(2*K34+L34+M34)) | U34: =IF(OR(P34="",Q34=""),"",'KQ du lieu that'!$B$6*P34+(1-'KQ du lieu that'!$B$6)*Q34) | V34: =G34+I34 | W34: =H34+J34 | X34: 0.93723615 | Y34: 0.96779254
A35: Music | B35: =COUNTIFS('DL theo file'!$B$5:$B$148,$A35,'DL theo file'!$C$5:$C$148,"test") | C35: =SUMIFS('DL quet nguong'!$F$5:$F$8079,'DL quet nguong'!$A$5:$A$8079,"test",'DL quet nguong'!$B$5:$B$8079,$B$7,'DL quet nguong'!$D$5:$D$8079,"all",'DL quet nguong'!$E$5:$E$8079,$B$11,'DL quet nguong'!$C$5:$C$8079,$A35) | D35: =SUMIFS('DL quet nguong'!$G$5:$G$8079,'DL quet nguong'!$A$5:$A$8079,"test",'DL quet nguong'!$B$5:$B$8079,$B$7,'DL quet nguong'!$D$5:$D$8079,"all",'DL quet nguong'!$E$5:$E$8079,$B$11,'DL quet nguong'!$C$5:$C$8079,$A35) | E35: =SUMIFS('DL quet nguong'!$H$5:$H$8079,'DL quet nguong'!$A$5:$A$8079,"test",'DL quet nguong'!$B$5:$B$8079,$B$7,'DL quet nguong'!$D$5:$D$8079,"all",'DL quet nguong'!$E$5:$E$8079,$B$11,'DL quet nguong'!$C$5:$C$8079,$A35) | F35: =SUMIFS('DL quet nguong'!$I$5:$I$8079,'DL quet nguong'!$A$5:$A$8079,"test",'DL quet nguong'!$B$5:$B$8079,$B$7,'DL quet nguong'!$D$5:$D$8079,"all",'DL quet nguong'!$E$5:$E$8079,$B$11,'DL quet nguong'!$C$5:$C$8079,$A35) | G35: =SUMIFS('DL quet nguong'!$J$5:$J$8079,'DL quet nguong'!$A$5:$A$8079,"test",'DL quet nguong'!$B$5:$B$8079,$B$7,'DL quet nguong'!$D$5:$D$8079,"all",'DL quet nguong'!$E$5:$E$8079,$B$11,'DL quet nguong'!$C$5:$C$8079,$A35) | H35: =SUMIFS('DL quet nguong'!$K$5:$K$8079,'DL quet nguong'!$A$5:$A$8079,"test",'DL quet nguong'!$B$5:$B$8079,$B$7,'DL quet nguong'!$D$5:$D$8079,"all",'DL quet nguong'!$E$5:$E$8079,$B$11,'DL quet nguong'!$C$5:$C$8079,$A35) | I35: =SUMIFS('DL quet nguong'!$L$5:$L$8079,'DL quet nguong'!$A$5:$A$8079,"test",'DL quet nguong'!$B$5:$B$8079,$B$7,'DL quet nguong'!$D$5:$D$8079,"all",'DL quet nguong'!$E$5:$E$8079,$B$11,'DL quet nguong'!$C$5:$C$8079,$A35) | J35: =SUMIFS('DL quet nguong'!$M$5:$M$8079,'DL quet nguong'!$A$5:$A$8079,"test",'DL quet nguong'!$B$5:$B$8079,$B$7,'DL quet nguong'!$D$5:$D$8079,"all",'DL quet nguong'!$E$5:$E$8079,$B$11,'DL quet nguong'!$C$5:$C$8079,$A35) | K35: =SUMIFS('DL quet nguong'!$F$5:$F$8079,'DL quet nguong'!$A$5:$A$8079,"test",'DL quet nguong'!$B$5:$B$8079,$B$7,'DL quet nguong'!$D$5:$D$8079,"nb",'DL quet nguong'!$E$5:$E$8079,$B$11,'DL quet nguong'!$C$5:$C$8079,$A35) | L35: =SUMIFS('DL quet nguong'!$G$5:$G$8079,'DL quet nguong'!$A$5:$A$8079,"test",'DL quet nguong'!$B$5:$B$8079,$B$7,'DL quet nguong'!$D$5:$D$8079,"nb",'DL quet nguong'!$E$5:$E$8079,$B$11,'DL quet nguong'!$C$5:$C$8079,$A35) | M35: =SUMIFS('DL quet nguong'!$H$5:$H$8079,'DL quet nguong'!$A$5:$A$8079,"test",'DL quet nguong'!$B$5:$B$8079,$B$7,'DL quet nguong'!$D$5:$D$8079,"nb",'DL quet nguong'!$E$5:$E$8079,$B$11,'DL quet nguong'!$C$5:$C$8079,$A35) | N35: =SUMIFS('DL quet nguong'!$I$5:$I$8079,'DL quet nguong'!$A$5:$A$8079,"test",'DL quet nguong'!$B$5:$B$8079,$B$7,'DL quet nguong'!$D$5:$D$8079,"nb",'DL quet nguong'!$E$5:$E$8079,$B$11,'DL quet nguong'!$C$5:$C$8079,$A35) | O35: =IF(SUM(C35:F35)=0,"",(C35+D35)/SUM(C35:F35)) | P35: =IF(C35+D35=0,"",D35/(C35+D35)) | Q35: =IF(E35+F35=0,"",E35/(E35+F35)) | R35: =IF(C35+E35=0,"",C35/(C35+E35)) | S35: =IF(2*C35+D35+E35=0,"",2*C35/(2*C35+D35+E35)) | T35: =IF(2*K35+L35+M35=0,"",2*K35/(2*K35+L35+M35)) | U35: =IF(OR(P35="",Q35=""),"",'KQ du lieu that'!$B$6*P35+(1-'KQ du lieu that'!$B$6)*Q35) | V35: =G35+I35 | W35: =H35+J35 | X35: 0.0045014593 | Y35: 0.024852192
A36: Noise | B36: =COUNTIFS('DL theo file'!$B$5:$B$148,$A36,'DL theo file'!$C$5:$C$148,"test") | C36: =SUMIFS('DL quet nguong'!$F$5:$F$8079,'DL quet nguong'!$A$5:$A$8079,"test",'DL quet nguong'!$B$5:$B$8079,$B$7,'DL quet nguong'!$D$5:$D$8079,"all",'DL quet nguong'!$E$5:$E$8079,$B$11,'DL quet nguong'!$C$5:$C$8079,$A36) | D36: =SUMIFS('DL quet nguong'!$G$5:$G$8079,'DL quet nguong'!$A$5:$A$8079,"test",'DL quet nguong'!$B$5:$B$8079,$B$7,'DL quet nguong'!$D$5:$D$8079,"all",'DL quet nguong'!$E$5:$E$8079,$B$11,'DL quet nguong'!$C$5:$C$8079,$A36) | E36: =SUMIFS('DL quet nguong'!$H$5:$H$8079,'DL quet nguong'!$A$5:$A$8079,"test",'DL quet nguong'!$B$5:$B$8079,$B$7,'DL quet nguong'!$D$5:$D$8079,"all",'DL quet nguong'!$E$5:$E$8079,$B$11,'DL quet nguong'!$C$5:$C$8079,$A36) | F36: =SUMIFS('DL quet nguong'!$I$5:$I$8079,'DL quet nguong'!$A$5:$A$8079,"test",'DL quet nguong'!$B$5:$B$8079,$B$7,'DL quet nguong'!$D$5:$D$8079,"all",'DL quet nguong'!$E$5:$E$8079,$B$11,'DL quet nguong'!$C$5:$C$8079,$A36) | G36: =SUMIFS('DL quet nguong'!$J$5:$J$8079,'DL quet nguong'!$A$5:$A$8079,"test",'DL quet nguong'!$B$5:$B$8079,$B$7,'DL quet nguong'!$D$5:$D$8079,"all",'DL quet nguong'!$E$5:$E$8079,$B$11,'DL quet nguong'!$C$5:$C$8079,$A36) | H36: =SUMIFS('DL quet nguong'!$K$5:$K$8079,'DL quet nguong'!$A$5:$A$8079,"test",'DL quet nguong'!$B$5:$B$8079,$B$7,'DL quet nguong'!$D$5:$D$8079,"all",'DL quet nguong'!$E$5:$E$8079,$B$11,'DL quet nguong'!$C$5:$C$8079,$A36) | I36: =SUMIFS('DL quet nguong'!$L$5:$L$8079,'DL quet nguong'!$A$5:$A$8079,"test",'DL quet nguong'!$B$5:$B$8079,$B$7,'DL quet nguong'!$D$5:$D$8079,"all",'DL quet nguong'!$E$5:$E$8079,$B$11,'DL quet nguong'!$C$5:$C$8079,$A36) | J36: =SUMIFS('DL quet nguong'!$M$5:$M$8079,'DL quet nguong'!$A$5:$A$8079,"test",'DL quet nguong'!$B$5:$B$8079,$B$7,'DL quet nguong'!$D$5:$D$8079,"all",'DL quet nguong'!$E$5:$E$8079,$B$11,'DL quet nguong'!$C$5:$C$8079,$A36) | K36: =SUMIFS('DL quet nguong'!$F$5:$F$8079,'DL quet nguong'!$A$5:$A$8079,"test",'DL quet nguong'!$B$5:$B$8079,$B$7,'DL quet nguong'!$D$5:$D$8079,"nb",'DL quet nguong'!$E$5:$E$8079,$B$11,'DL quet nguong'!$C$5:$C$8079,$A36) | L36: =SUMIFS('DL quet nguong'!$G$5:$G$8079,'DL quet nguong'!$A$5:$A$8079,"test",'DL quet nguong'!$B$5:$B$8079,$B$7,'DL quet nguong'!$D$5:$D$8079,"nb",'DL quet nguong'!$E$5:$E$8079,$B$11,'DL quet nguong'!$C$5:$C$8079,$A36) | M36: =SUMIFS('DL quet nguong'!$H$5:$H$8079,'DL quet nguong'!$A$5:$A$8079,"test",'DL quet nguong'!$B$5:$B$8079,$B$7,'DL quet nguong'!$D$5:$D$8079,"nb",'DL quet nguong'!$E$5:$E$8079,$B$11,'DL quet nguong'!$C$5:$C$8079,$A36) | N36: =SUMIFS('DL quet nguong'!$I$5:$I$8079,'DL quet nguong'!$A$5:$A$8079,"test",'DL quet nguong'!$B$5:$B$8079,$B$7,'DL quet nguong'!$D$5:$D$8079,"nb",'DL quet nguong'!$E$5:$E$8079,$B$11,'DL quet nguong'!$C$5:$C$8079,$A36) | O36: =IF(SUM(C36:F36)=0,"",(C36+D36)/SUM(C36:F36)) | P36: =IF(C36+D36=0,"",D36/(C36+D36)) | Q36: =IF(E36+F36=0,"",E36/(E36+F36)) | R36: =IF(C36+E36=0,"",C36/(C36+E36)) | S36: =IF(2*C36+D36+E36=0,"",2*C36/(2*C36+D36+E36)) | T36: =IF(2*K36+L36+M36=0,"",2*K36/(2*K36+L36+M36)) | U36: =IF(OR(P36="",Q36=""),"",'KQ du lieu that'!$B$6*P36+(1-'KQ du lieu that'!$B$6)*Q36) | V36: =G36+I36 | W36: =H36+J36 | X36: 0.050174054 | Y36: 0.19240059
A37: Tổng test (gộp) | B37: =SUM(B32:B36) | C37: =SUM(C32:C36) | D37: =SUM(D32:D36) | E37: =SUM(E32:E36) | F37: =SUM(F32:F36) | G37: =SUM(G32:G36) | H37: =SUM(H32:H36) | I37: =SUM(I32:I36) | ... N37: =SUM(N32:N36) | O37: =IF(SUM(C37:F37)=0,"",(C37+D37)/SUM(C37:F37)) | P37: =IF(C37+D37=0,"",D37/(C37+D37)) | Q37: =IF(E37+F37=0,"",E37/(E37+F37)) | R37: =IF(C37+E37=0,"",C37/(C37+E37)) | S37: =IF(2*C37+D37+E37=0,"",2*C37/(2*C37+D37+E37)) | T37: =IF(2*K37+L37+M37=0,"",2*K37/(2*K37+L37+M37)) | U37: =IF(OR(P37="",Q37=""),"",'KQ du lieu that'!$B$6*P37+(1-'KQ du lieu that'!$B$6)*Q37) | V37: =G37+I37 | W37: =H37+J37 | X37: 0.48901705 | Y37: 0.66218609
A38: Macro (TB 5 category) | O38: =AVERAGE(O32:O36) | P38: =AVERAGE(P32:P36) | Q38: =AVERAGE(Q32:Q36) | R38: =AVERAGE(R32:R36) | S38: =AVERAGE(S32:S36) | T38: =AVERAGE(T32:T36) | U38: =AVERAGE(U32:U36)
A40: D. Ablation hậu xử lý (test; ngưỡng chọn riêng cho từng cấu hình trên dev theo B8; rescore: trọng số tam giác theo tâm cửa sổ + làm mượt trung bình 5 hop)
A41: Cấu hình | B41: Mô tả | C41: Ngưỡng | D41: TP | E41: FN | F41: FP | G41: TN | H41: TP ±1 | I41: FN ±1 | J41: FP ±1 | K41: TN ±1 | L41: FEC | M41: MSC | N41: OVER | O41: NDS | P41: MR | Q41: FAR | R41: F1 strict | S41: F1 ±1 bin | T41: DCF
A42: A0 | B42: Điểm bin thô, không hậu xử lý | C42: =$I$17 | D42: =SUMIFS('DL quet nguong'!$F$5:$F$8079,'DL quet nguong'!$A$5:$A$8079,"test",'DL quet nguong'!$B$5:$B$8079,$A42,'DL quet nguong'!$D$5:$D$8079,"all",'DL quet nguong'!$E$5:$E$8079,$C42) | E42: =SUMIFS('DL quet nguong'!$G$5:$G$8079,'DL quet nguong'!$A$5:$A$8079,"test",'DL quet nguong'!$B$5:$B$8079,$A42,'DL quet nguong'!$D$5:$D$8079,"all",'DL quet nguong'!$E$5:$E$8079,$C42) | F42: =SUMIFS('DL quet nguong'!$H$5:$H$8079,'DL quet nguong'!$A$5:$A$8079,"test",'DL quet nguong'!$B$5:$B$8079,$A42,'DL quet nguong'!$D$5:$D$8079,"all",'DL quet nguong'!$E$5:$E$8079,$C42) | G42: =SUMIFS('DL quet nguong'!$I$5:$I$8079,'DL quet nguong'!$A$5:$A$8079,"test",'DL quet nguong'!$B$5:$B$8079,$A42,'DL quet nguong'!$D$5:$D$8079,"all",'DL quet nguong'!$E$5:$E$8079,$C42) | H42: =SUMIFS('DL quet nguong'!$F$5:$F$8079,'DL quet nguong'!$A$5:$A$8079,"test",'DL quet nguong'!$B$5:$B$8079,$A42,'DL quet nguong'!$D$5:$D$8079,"nb",'DL quet nguong'!$E$5:$E$8079,$C42) | I42: =SUMIFS('DL quet nguong'!$G$5:$G$8079,'DL quet nguong'!$A$5:$A$8079,"test",'DL quet nguong'!$B$5:$B$8079,$A42,'DL quet nguong'!$D$5:$D$8079,"nb",'DL quet nguong'!$E$5:$E$8079,$C42) | J42: =SUMIFS('DL quet nguong'!$H$5:$H$8079,'DL quet nguong'!$A$5:$A$8079,"test",'DL quet nguong'!$B$5:$B$8079,$A42,'DL quet nguong'!$D$5:$D$8079,"nb",'DL quet nguong'!$E$5:$E$8079,$C42) | K42: =SUMIFS('DL quet nguong'!$I$5:$I$8079,'DL quet nguong'!$A$5:$A$8079,"test",'DL quet nguong'!$B$5:$B$8079,$A42,'DL quet nguong'!$D$5:$D$8079,"nb",'DL quet nguong'!$E$5:$E$8079,$C42) | L42: =SUMIFS('DL quet nguong'!$J$5:$J$8079,'DL quet nguong'!$A$5:$A$8079,"test",'DL quet nguong'!$B$5:$B$8079,$A42,'DL quet nguong'!$D$5:$D$8079,"all",'DL quet nguong'!$E$5:$E$8079,$C42) | M42: =SUMIFS('DL quet nguong'!$K$5:$K$8079,'DL quet nguong'!$A$5:$A$8079,"test",'DL quet nguong'!$B$5:$B$8079,$A42,'DL quet nguong'!$D$5:$D$8079,"all",'DL quet nguong'!$E$5:$E$8079,$C42) | N42: =SUMIFS('DL quet nguong'!$L$5:$L$8079,'DL quet nguong'!$A$5:$A$8079,"test",'DL quet nguong'!$B$5:$B$8079,$A42,'DL quet nguong'!$D$5:$D$8079,"all",'DL quet nguong'!$E$5:$E$8079,$C42) | O42: =SUMIFS('DL quet nguong'!$M$5:$M$8079,'DL quet nguong'!$A$5:$A$8079,"test",'DL quet nguong'!$B$5:$B$8079,$A42,'DL quet nguong'!$D$5:$D$8079,"all",'DL quet nguong'!$E$5:$E$8079,$C42) | P42: =IF(D42+E42=0,"",E42/(D42+E42)) | Q42: =IF(F42+G42=0,"",F42/(F42+G42)) | R42: =IF(2*D42+E42+F42=0,"",2*D42/(2*D42+E42+F42)) | S42: =IF(2*H42+I42+J42=0,"",2*H42/(2*H42+I42+J42)) | T42: =IF(OR(P42="",Q42=""),"",'KQ du lieu that'!$B$6*P42+(1-'KQ du lieu that'!$B$6)*Q42)
A43: A1 | B43: Rescore (trọng số tam giác theo tâm cửa sổ + làm mượt trung bình 5 hop) + rebin | C43: =$I$18 | D43: =SUMIFS('DL quet nguong'!$F$5:$F$8079,'DL quet nguong'!$A$5:$A$8079,"test",'DL quet nguong'!$B$5:$B$8079,$A43,'DL quet nguong'!$D$5:$D$8079,"all",'DL quet nguong'!$E$5:$E$8079,$C43) | E43: =SUMIFS('DL quet nguong'!$G$5:$G$8079,'DL quet nguong'!$A$5:$A$8079,"test",'DL quet nguong'!$B$5:$B$8079,$A43,'DL quet nguong'!$D$5:$D$8079,"all",'DL quet nguong'!$E$5:$E$8079,$C43) | F43: =SUMIFS('DL quet nguong'!$H$5:$H$8079,'DL quet nguong'!$A$5:$A$8079,"test",'DL quet nguong'!$B$5:$B$8079,$A43,'DL quet nguong'!$D$5:$D$8079,"all",'DL quet nguong'!$E$5:$E$8079,$C43) | G43: =SUMIFS('DL quet nguong'!$I$5:$I$8079,'DL quet nguong'!$A$5:$A$8079,"test",'DL quet nguong'!$B$5:$B$8079,$A43,'DL quet nguong'!$D$5:$D$8079,"all",'DL quet nguong'!$E$5:$E$8079,$C43) | H43: =SUMIFS('DL quet nguong'!$F$5:$F$8079,'DL quet nguong'!$A$5:$A$8079,"test",'DL quet nguong'!$B$5:$B$8079,$A43,'DL quet nguong'!$D$5:$D$8079,"nb",'DL quet nguong'!$E$5:$E$8079,$C43) | I43: =SUMIFS('DL quet nguong'!$G$5:$G$8079,'DL quet nguong'!$A$5:$A$8079,"test",'DL quet nguong'!$B$5:$B$8079,$A43,'DL quet nguong'!$D$5:$D$8079,"nb",'DL quet nguong'!$E$5:$E$8079,$C43) | J43: =SUMIFS('DL quet nguong'!$H$5:$H$8079,'DL quet nguong'!$A$5:$A$8079,"test",'DL quet nguong'!$B$5:$B$8079,$A43,'DL quet nguong'!$D$5:$D$8079,"nb",'DL quet nguong'!$E$5:$E$8079,$C43) | K43: =SUMIFS('DL quet nguong'!$I$5:$I$8079,'DL quet nguong'!$A$5:$A$8079,"test",'DL quet nguong'!$B$5:$B$8079,$A43,'DL quet nguong'!$D$5:$D$8079,"nb",'DL quet nguong'!$E$5:$E$8079,$C43) | L43: =SUMIFS('DL quet nguong'!$J$5:$J$8079,'DL quet nguong'!$A$5:$A$8079,"test",'DL quet nguong'!$B$5:$B$8079,$A43,'DL quet nguong'!$D$5:$D$8079,"all",'DL quet nguong'!$E$5:$E$8079,$C43) | M43: =SUMIFS('DL quet nguong'!$K$5:$K$8079,'DL quet nguong'!$A$5:$A$8079,"test",'DL quet nguong'!$B$5:$B$8079,$A43,'DL quet nguong'!$D$5:$D$8079,"all",'DL quet nguong'!$E$5:$E$8079,$C43) | N43: =SUMIFS('DL quet nguong'!$L$5:$L$8079,'DL quet nguong'!$A$5:$A$8079,"test",'DL quet nguong'!$B$5:$B$8079,$A43,'DL quet nguong'!$D$5:$D$8079,"all",'DL quet nguong'!$E$5:$E$8079,$C43) | O43: =SUMIFS('DL quet nguong'!$M$5:$M$8079,'DL quet nguong'!$A$5:$A$8079,"test",'DL quet nguong'!$B$5:$B$8079,$A43,'DL quet nguong'!$D$5:$D$8079,"all",'DL quet nguong'!$E$5:$E$8079,$C43) | P43: =IF(D43+E43=0,"",E43/(D43+E43)) | Q43: =IF(F43+G43=0,"",F43/(F43+G43)) | R43: =IF(2*D43+E43+F43=0,"",2*D43/(2*D43+E43+F43)) | S43: =IF(2*H43+I43+J43=0,"",2*H43/(2*H43+I43+J43)) | T43: =IF(OR(P43="",Q43=""),"",'KQ du lieu that'!$B$6*P43+(1-'KQ du lieu that'!$B$6)*Q43)
A44: A2 | B44: + pad 100/120 ms | C44: =$I$19 | D44: =SUMIFS('DL quet nguong'!$F$5:$F$8079,'DL quet nguong'!$A$5:$A$8079,"test",'DL quet nguong'!$B$5:$B$8079,$A44,'DL quet nguong'!$D$5:$D$8079,"all",'DL quet nguong'!$E$5:$E$8079,$C44) | E44: =SUMIFS('DL quet nguong'!$G$5:$G$8079,'DL quet nguong'!$A$5:$A$8079,"test",'DL quet nguong'!$B$5:$B$8079,$A44,'DL quet nguong'!$D$5:$D$8079,"all",'DL quet nguong'!$E$5:$E$8079,$C44) | F44: =SUMIFS('DL quet nguong'!$H$5:$H$8079,'DL quet nguong'!$A$5:$A$8079,"test",'DL quet nguong'!$B$5:$B$8079,$A44,'DL quet nguong'!$D$5:$D$8079,"all",'DL quet nguong'!$E$5:$E$8079,$C44) | G44: =SUMIFS('DL quet nguong'!$I$5:$I$8079,'DL quet nguong'!$A$5:$A$8079,"test",'DL quet nguong'!$B$5:$B$8079,$A44,'DL quet nguong'!$D$5:$D$8079,"all",'DL quet nguong'!$E$5:$E$8079,$C44) | H44: =SUMIFS('DL quet nguong'!$F$5:$F$8079,'DL quet nguong'!$A$5:$A$8079,"test",'DL quet nguong'!$B$5:$B$8079,$A44,'DL quet nguong'!$D$5:$D$8079,"nb",'DL quet nguong'!$E$5:$E$8079,$C44) | I44: =SUMIFS('DL quet nguong'!$G$5:$G$8079,'DL quet nguong'!$A$5:$A$8079,"test",'DL quet nguong'!$B$5:$B$8079,$A44,'DL quet nguong'!$D$5:$D$8079,"nb",'DL quet nguong'!$E$5:$E$8079,$C44) | J44: =SUMIFS('DL quet nguong'!$H$5:$H$8079,'DL quet nguong'!$A$5:$A$8079,"test",'DL quet nguong'!$B$5:$B$8079,$A44,'DL quet nguong'!$D$5:$D$8079,"nb",'DL quet nguong'!$E$5:$E$8079,$C44) | K44: =SUMIFS('DL quet nguong'!$I$5:$I$8079,'DL quet nguong'!$A$5:$A$8079,"test",'DL quet nguong'!$B$5:$B$8079,$A44,'DL quet nguong'!$D$5:$D$8079,"nb",'DL quet nguong'!$E$5:$E$8079,$C44) | L44: =SUMIFS('DL quet nguong'!$J$5:$J$8079,'DL quet nguong'!$A$5:$A$8079,"test",'DL quet nguong'!$B$5:$B$8079,$A44,'DL quet nguong'!$D$5:$D$8079,"all",'DL quet nguong'!$E$5:$E$8079,$C44) | M44: =SUMIFS('DL quet nguong'!$K$5:$K$8079,'DL quet nguong'!$A$5:$A$8079,"test",'DL quet nguong'!$B$5:$B$8079,$A44,'DL quet nguong'!$D$5:$D$8079,"all",'DL quet nguong'!$E$5:$E$8079,$C44) | N44: =SUMIFS('DL quet nguong'!$L$5:$L$8079,'DL quet nguong'!$A$5:$A$8079,"test",'DL quet nguong'!$B$5:$B$8079,$A44,'DL quet nguong'!$D$5:$D$8079,"all",'DL quet nguong'!$E$5:$E$8079,$C44) | O44: =SUMIFS('DL quet nguong'!$M$5:$M$8079,'DL quet nguong'!$A$5:$A$8079,"test",'DL quet nguong'!$B$5:$B$8079,$A44,'DL quet nguong'!$D$5:$D$8079,"all",'DL quet nguong'!$E$5:$E$8079,$C44) | P44: =IF(D44+E44=0,"",E44/(D44+E44)) | Q44: =IF(F44+G44=0,"",F44/(F44+G44)) | R44: =IF(2*D44+E44+F44=0,"",2*D44/(2*D44+E44+F44)) | S44: =IF(2*H44+I44+J44=0,"",2*H44/(2*H44+I44+J44)) | T44: =IF(OR(P44="",Q44=""),"",'KQ du lieu that'!$B$6*P44+(1-'KQ du lieu that'!$B$6)*Q44)
A45: A3 | B45: + merge < 500 ms | C45: =$I$20 | D45: =SUMIFS('DL quet nguong'!$F$5:$F$8079,'DL quet nguong'!$A$5:$A$8079,"test",'DL quet nguong'!$B$5:$B$8079,$A45,'DL quet nguong'!$D$5:$D$8079,"all",'DL quet nguong'!$E$5:$E$8079,$C45) | E45: =SUMIFS('DL quet nguong'!$G$5:$G$8079,'DL quet nguong'!$A$5:$A$8079,"test",'DL quet nguong'!$B$5:$B$8079,$A45,'DL quet nguong'!$D$5:$D$8079,"all",'DL quet nguong'!$E$5:$E$8079,$C45) | F45: =SUMIFS('DL quet nguong'!$H$5:$H$8079,'DL quet nguong'!$A$5:$A$8079,"test",'DL quet nguong'!$B$5:$B$8079,$A45,'DL quet nguong'!$D$5:$D$8079,"all",'DL quet nguong'!$E$5:$E$8079,$C45) | G45: =SUMIFS('DL quet nguong'!$I$5:$I$8079,'DL quet nguong'!$A$5:$A$8079,"test",'DL quet nguong'!$B$5:$B$8079,$A45,'DL quet nguong'!$D$5:$D$8079,"all",'DL quet nguong'!$E$5:$E$8079,$C45) | H45: =SUMIFS('DL quet nguong'!$F$5:$F$8079,'DL quet nguong'!$A$5:$A$8079,"test",'DL quet nguong'!$B$5:$B$8079,$A45,'DL quet nguong'!$D$5:$D$8079,"nb",'DL quet nguong'!$E$5:$E$8079,$C45) | I45: =SUMIFS('DL quet nguong'!$G$5:$G$8079,'DL quet nguong'!$A$5:$A$8079,"test",'DL quet nguong'!$B$5:$B$8079,$A45,'DL quet nguong'!$D$5:$D$8079,"nb",'DL quet nguong'!$E$5:$E$8079,$C45) | J45: =SUMIFS('DL quet nguong'!$H$5:$H$8079,'DL quet nguong'!$A$5:$A$8079,"test",'DL quet nguong'!$B$5:$B$8079,$A45,'DL quet nguong'!$D$5:$D$8079,"nb",'DL quet nguong'!$E$5:$E$8079,$C45) | K45: =SUMIFS('DL quet nguong'!$I$5:$I$8079,'DL quet nguong'!$A$5:$A$8079,"test",'DL quet nguong'!$B$5:$B$8079,$A45,'DL quet nguong'!$D$5:$D$8079,"nb",'DL quet nguong'!$E$5:$E$8079,$C45) | L45: =SUMIFS('DL quet nguong'!$J$5:$J$8079,'DL quet nguong'!$A$5:$A$8079,"test",'DL quet nguong'!$B$5:$B$8079,$A45,'DL quet nguong'!$D$5:$D$8079,"all",'DL quet nguong'!$E$5:$E$8079,$C45) | M45: =SUMIFS('DL quet nguong'!$K$5:$K$8079,'DL quet nguong'!$A$5:$A$8079,"test",'DL quet nguong'!$B$5:$B$8079,$A45,'DL quet nguong'!$D$5:$D$8079,"all",'DL quet nguong'!$E$5:$E$8079,$C45) | N45: =SUMIFS('DL quet nguong'!$L$5:$L$8079,'DL quet nguong'!$A$5:$A$8079,"test",'DL quet nguong'!$B$5:$B$8079,$A45,'DL quet nguong'!$D$5:$D$8079,"all",'DL quet nguong'!$E$5:$E$8079,$C45) | O45: =SUMIFS('DL quet nguong'!$M$5:$M$8079,'DL quet nguong'!$A$5:$A$8079,"test",'DL quet nguong'!$B$5:$B$8079,$A45,'DL quet nguong'!$D$5:$D$8079,"all",'DL quet nguong'!$E$5:$E$8079,$C45) | P45: =IF(D45+E45=0,"",E45/(D45+E45)) | Q45: =IF(F45+G45=0,"",F45/(F45+G45)) | R45: =IF(2*D45+E45+F45=0,"",2*D45/(2*D45+E45+F45)) | S45: =IF(2*H45+I45+J45=0,"",2*H45/(2*H45+I45+J45)) | T45: =IF(OR(P45="",Q45=""),"",'KQ du lieu that'!$B$6*P45+(1-'KQ du lieu that'!$B$6)*Q45)
A46: A4 | B46: + pad + merge (hiện tại) | C46: =$I$21 | D46: =SUMIFS('DL quet nguong'!$F$5:$F$8079,'DL quet nguong'!$A$5:$A$8079,"test",'DL quet nguong'!$B$5:$B$8079,$A46,'DL quet nguong'!$D$5:$D$8079,"all",'DL quet nguong'!$E$5:$E$8079,$C46) | E46: =SUMIFS('DL quet nguong'!$G$5:$G$8079,'DL quet nguong'!$A$5:$A$8079,"test",'DL quet nguong'!$B$5:$B$8079,$A46,'DL quet nguong'!$D$5:$D$8079,"all",'DL quet nguong'!$E$5:$E$8079,$C46) | F46: =SUMIFS('DL quet nguong'!$H$5:$H$8079,'DL quet nguong'!$A$5:$A$8079,"test",'DL quet nguong'!$B$5:$B$8079,$A46,'DL quet nguong'!$D$5:$D$8079,"all",'DL quet nguong'!$E$5:$E$8079,$C46) | G46: =SUMIFS('DL quet nguong'!$I$5:$I$8079,'DL quet nguong'!$A$5:$A$8079,"test",'DL quet nguong'!$B$5:$B$8079,$A46,'DL quet nguong'!$D$5:$D$8079,"all",'DL quet nguong'!$E$5:$E$8079,$C46) | H46: =SUMIFS('DL quet nguong'!$F$5:$F$8079,'DL quet nguong'!$A$5:$A$8079,"test",'DL quet nguong'!$B$5:$B$8079,$A46,'DL quet nguong'!$D$5:$D$8079,"nb",'DL quet nguong'!$E$5:$E$8079,$C46) | I46: =SUMIFS('DL quet nguong'!$G$5:$G$8079,'DL quet nguong'!$A$5:$A$8079,"test",'DL quet nguong'!$B$5:$B$8079,$A46,'DL quet nguong'!$D$5:$D$8079,"nb",'DL quet nguong'!$E$5:$E$8079,$C46) | J46: =SUMIFS('DL quet nguong'!$H$5:$H$8079,'DL quet nguong'!$A$5:$A$8079,"test",'DL quet nguong'!$B$5:$B$8079,$A46,'DL quet nguong'!$D$5:$D$8079,"nb",'DL quet nguong'!$E$5:$E$8079,$C46) | K46: =SUMIFS('DL quet nguong'!$I$5:$I$8079,'DL quet nguong'!$A$5:$A$8079,"test",'DL quet nguong'!$B$5:$B$8079,$A46,'DL quet nguong'!$D$5:$D$8079,"nb",'DL quet nguong'!$E$5:$E$8079,$C46) | L46: =SUMIFS('DL quet nguong'!$J$5:$J$8079,'DL quet nguong'!$A$5:$A$8079,"test",'DL quet nguong'!$B$5:$B$8079,$A46,'DL quet nguong'!$D$5:$D$8079,"all",'DL quet nguong'!$E$5:$E$8079,$C46) | M46: =SUMIFS('DL quet nguong'!$K$5:$K$8079,'DL quet nguong'!$A$5:$A$8079,"test",'DL quet nguong'!$B$5:$B$8079,$A46,'DL quet nguong'!$D$5:$D$8079,"all",'DL quet nguong'!$E$5:$E$8079,$C46) | N46: =SUMIFS('DL quet nguong'!$L$5:$L$8079,'DL quet nguong'!$A$5:$A$8079,"test",'DL quet nguong'!$B$5:$B$8079,$A46,'DL quet nguong'!$D$5:$D$8079,"all",'DL quet nguong'!$E$5:$E$8079,$C46) | O46: =SUMIFS('DL quet nguong'!$M$5:$M$8079,'DL quet nguong'!$A$5:$A$8079,"test",'DL quet nguong'!$B$5:$B$8079,$A46,'DL quet nguong'!$D$5:$D$8079,"all",'DL quet nguong'!$E$5:$E$8079,$C46) | P46: =IF(D46+E46=0,"",E46/(D46+E46)) | Q46: =IF(F46+G46=0,"",F46/(F46+G46)) | R46: =IF(2*D46+E46+F46=0,"",2*D46/(2*D46+E46+F46)) | S46: =IF(2*H46+I46+J46=0,"",2*H46/(2*H46+I46+J46)) | T46: =IF(OR(P46="",Q46=""),"",'KQ du lieu that'!$B$6*P46+(1-'KQ du lieu that'!$B$6)*Q46)
A48: E. Chọn ngưỡng ở đâu → kết quả trên test
A49: Ngưỡng chọn từ | B49: Cấu hình | C49: Ngưỡng | D49: TP | E49: FN | F49: FP | G49: TN | H49: MR | I49: FAR | J49: Precision | K49: Recall | L49: F1 | M49: DCF
A50: DCF-min – val tổng hợp | B50: A0 | C50: =$G$17 | D50: =SUMIFS('DL quet nguong'!$F$5:$F$8079,'DL quet nguong'!$A$5:$A$8079,"test",'DL quet nguong'!$B$5:$B$8079,$B50,'DL quet nguong'!$D$5:$D$8079,"all",'DL quet nguong'!$E$5:$E$8079,$C50) | E50: =SUMIFS('DL quet nguong'!$G$5:$G$8079,'DL quet nguong'!$A$5:$A$8079,"test",'DL quet nguong'!$B$5:$B$8079,$B50,'DL quet nguong'!$D$5:$D$8079,"all",'DL quet nguong'!$E$5:$E$8079,$C50) | F50: =SUMIFS('DL quet nguong'!$H$5:$H$8079,'DL quet nguong'!$A$5:$A$8079,"test",'DL quet nguong'!$B$5:$B$8079,$B50,'DL quet nguong'!$D$5:$D$8079,"all",'DL quet nguong'!$E$5:$E$8079,$C50) | G50: =SUMIFS('DL quet nguong'!$I$5:$I$8079,'DL quet nguong'!$A$5:$A$8079,"test",'DL quet nguong'!$B$5:$B$8079,$B50,'DL quet nguong'!$D$5:$D$8079,"all",'DL quet nguong'!$E$5:$E$8079,$C50) | H50: =IF(D50+E50=0,"",E50/(D50+E50)) | I50: =IF(F50+G50=0,"",F50/(F50+G50)) | J50: =IF(D50+F50=0,"",D50/(D50+F50)) | K50: =IF(D50+E50=0,"",D50/(D50+E50)) | L50: =IF(2*D50+E50+F50=0,"",2*D50/(2*D50+E50+F50)) | M50: =IF(OR(H50="",I50=""),"",'KQ du lieu that'!$B$6*H50+(1-'KQ du lieu that'!$B$6)*I50)
A51: DCF-min – val tổng hợp | B51: A4 | C51: =$G$21 | D51: =SUMIFS('DL quet nguong'!$F$5:$F$8079,'DL quet nguong'!$A$5:$A$8079,"test",'DL quet nguong'!$B$5:$B$8079,$B51,'DL quet nguong'!$D$5:$D$8079,"all",'DL quet nguong'!$E$5:$E$8079,$C51) | E51: =SUMIFS('DL quet nguong'!$G$5:$G$8079,'DL quet nguong'!$A$5:$A$8079,"test",'DL quet nguong'!$B$5:$B$8079,$B51,'DL quet nguong'!$D$5:$D$8079,"all",'DL quet nguong'!$E$5:$E$8079,$C51) | F51: =SUMIFS('DL quet nguong'!$H$5:$H$8079,'DL quet nguong'!$A$5:$A$8079,"test",'DL quet nguong'!$B$5:$B$8079,$B51,'DL quet nguong'!$D$5:$D$8079,"all",'DL quet nguong'!$E$5:$E$8079,$C51) | G51: =SUMIFS('DL quet nguong'!$I$5:$I$8079,'DL quet nguong'!$A$5:$A$8079,"test",'DL quet nguong'!$B$5:$B$8079,$B51,'DL quet nguong'!$D$5:$D$8079,"all",'DL quet nguong'!$E$5:$E$8079,$C51) | H51: =IF(D51+E51=0,"",E51/(D51+E51)) | I51: =IF(F51+G51=0,"",F51/(F51+G51)) | J51: =IF(D51+F51=0,"",D51/(D51+F51)) | K51: =IF(D51+E51=0,"",D51/(D51+E51)) | L51: =IF(2*D51+E51+F51=0,"",2*D51/(2*D51+E51+F51)) | M51: =IF(OR(H51="",I51=""),"",'KQ du lieu that'!$B$6*H51+(1-'KQ du lieu that'!$B$6)*I51)
A52: F1-max – val tổng hợp | B52: A4 | C52: =$H$21 | D52: =SUMIFS('DL quet nguong'!$F$5:$F$8079,'DL quet nguong'!$A$5:$A$8079,"test",'DL quet nguong'!$B$5:$B$8079,$B52,'DL quet nguong'!$D$5:$D$8079,"all",'DL quet nguong'!$E$5:$E$8079,$C52) | E52: =SUMIFS('DL quet nguong'!$G$5:$G$8079,'DL quet nguong'!$A$5:$A$8079,"test",'DL quet nguong'!$B$5:$B$8079,$B52,'DL quet nguong'!$D$5:$D$8079,"all",'DL quet nguong'!$E$5:$E$8079,$C52) | F52: =SUMIFS('DL quet nguong'!$H$5:$H$8079,'DL quet nguong'!$A$5:$A$8079,"test",'DL quet nguong'!$B$5:$B$8079,$B52,'DL quet nguong'!$D$5:$D$8079,"all",'DL quet nguong'!$E$5:$E$8079,$C52) | G52: =SUMIFS('DL quet nguong'!$I$5:$I$8079,'DL quet nguong'!$A$5:$A$8079,"test",'DL quet nguong'!$B$5:$B$8079,$B52,'DL quet nguong'!$D$5:$D$8079,"all",'DL quet nguong'!$E$5:$E$8079,$C52) | H52: =IF(D52+E52=0,"",E52/(D52+E52)) | I52: =IF(F52+G52=0,"",F52/(F52+G52)) | J52: =IF(D52+F52=0,"",D52/(D52+F52)) | K52: =IF(D52+E52=0,"",D52/(D52+E52)) | L52: =IF(2*D52+E52+F52=0,"",2*D52/(2*D52+E52+F52)) | M52: =IF(OR(H52="",I52=""),"",'KQ du lieu that'!$B$6*H52+(1-'KQ du lieu that'!$B$6)*I52)
A53: DCF-min – dev | B53: A0 | C53: =$C$17 | D53: =SUMIFS('DL quet nguong'!$F$5:$F$8079,'DL quet nguong'!$A$5:$A$8079,"test",'DL quet nguong'!$B$5:$B$8079,$B53,'DL quet nguong'!$D$5:$D$8079,"all",'DL quet nguong'!$E$5:$E$8079,$C53) | E53: =SUMIFS('DL quet nguong'!$G$5:$G$8079,'DL quet nguong'!$A$5:$A$8079,"test",'DL quet nguong'!$B$5:$B$8079,$B53,'DL quet nguong'!$D$5:$D$8079,"all",'DL quet nguong'!$E$5:$E$8079,$C53) | F53: =SUMIFS('DL quet nguong'!$H$5:$H$8079,'DL quet nguong'!$A$5:$A$8079,"test",'DL quet nguong'!$B$5:$B$8079,$B53,'DL quet nguong'!$D$5:$D$8079,"all",'DL quet nguong'!$E$5:$E$8079,$C53) | G53: =SUMIFS('DL quet nguong'!$I$5:$I$8079,'DL quet nguong'!$A$5:$A$8079,"test",'DL quet nguong'!$B$5:$B$8079,$B53,'DL quet nguong'!$D$5:$D$8079,"all",'DL quet nguong'!$E$5:$E$8079,$C53) | H53: =IF(D53+E53=0,"",E53/(D53+E53)) | I53: =IF(F53+G53=0,"",F53/(F53+G53)) | J53: =IF(D53+F53=0,"",D53/(D53+F53)) | K53: =IF(D53+E53=0,"",D53/(D53+E53)) | L53: =IF(2*D53+E53+F53=0,"",2*D53/(2*D53+E53+F53)) | M53: =IF(OR(H53="",I53=""),"",'KQ du lieu that'!$B$6*H53+(1-'KQ du lieu that'!$B$6)*I53)
A54: F1-max – dev | B54: A4 | C54: =$E$21 | D54: =SUMIFS('DL quet nguong'!$F$5:$F$8079,'DL quet nguong'!$A$5:$A$8079,"test",'DL quet nguong'!$B$5:$B$8079,$B54,'DL quet nguong'!$D$5:$D$8079,"all",'DL quet nguong'!$E$5:$E$8079,$C54) | E54: =SUMIFS('DL quet nguong'!$G$5:$G$8079,'DL quet nguong'!$A$5:$A$8079,"test",'DL quet nguong'!$B$5:$B$8079,$B54,'DL quet nguong'!$D$5:$D$8079,"all",'DL quet nguong'!$E$5:$E$8079,$C54) | F54: =SUMIFS('DL quet nguong'!$H$5:$H$8079,'DL quet nguong'!$A$5:$A$8079,"test",'DL quet nguong'!$B$5:$B$8079,$B54,'DL quet nguong'!$D$5:$D$8079,"all",'DL quet nguong'!$E$5:$E$8079,$C54) | G54: =SUMIFS('DL quet nguong'!$I$5:$I$8079,'DL quet nguong'!$A$5:$A$8079,"test",'DL quet nguong'!$B$5:$B$8079,$B54,'DL quet nguong'!$D$5:$D$8079,"all",'DL quet nguong'!$E$5:$E$8079,$C54) | H54: =IF(D54+E54=0,"",E54/(D54+E54)) | I54: =IF(F54+G54=0,"",F54/(F54+G54)) | J54: =IF(D54+F54=0,"",D54/(D54+F54)) | K54: =IF(D54+E54=0,"",D54/(D54+E54)) | L54: =IF(2*D54+E54+F54=0,"",2*D54/(2*D54+E54+F54)) | M54: =IF(OR(H54="",I54=""),"",'KQ du lieu that'!$B$6*H54+(1-'KQ du lieu that'!$B$6)*I54)
A55: DCF-min – dev | B55: A4 | C55: =$C$21 | D55: =SUMIFS('DL quet nguong'!$F$5:$F$8079,'DL quet nguong'!$A$5:$A$8079,"test",'DL quet nguong'!$B$5:$B$8079,$B55,'DL quet nguong'!$D$5:$D$8079,"all",'DL quet nguong'!$E$5:$E$8079,$C55) | E55: =SUMIFS('DL quet nguong'!$G$5:$G$8079,'DL quet nguong'!$A$5:$A$8079,"test",'DL quet nguong'!$B$5:$B$8079,$B55,'DL quet nguong'!$D$5:$D$8079,"all",'DL quet nguong'!$E$5:$E$8079,$C55) | F55: =SUMIFS('DL quet nguong'!$H$5:$H$8079,'DL quet nguong'!$A$5:$A$8079,"test",'DL quet nguong'!$B$5:$B$8079,$B55,'DL quet nguong'!$D$5:$D$8079,"all",'DL quet nguong'!$E$5:$E$8079,$C55) | G55: =SUMIFS('DL quet nguong'!$I$5:$I$8079,'DL quet nguong'!$A$5:$A$8079,"test",'DL quet nguong'!$B$5:$B$8079,$B55,'DL quet nguong'!$D$5:$D$8079,"all",'DL quet nguong'!$E$5:$E$8079,$C55) | H55: =IF(D55+E55=0,"",E55/(D55+E55)) | I55: =IF(F55+G55=0,"",F55/(F55+G55)) | J55: =IF(D55+F55=0,"",D55/(D55+F55)) | K55: =IF(D55+E55=0,"",D55/(D55+E55)) | L55: =IF(2*D55+E55+F55=0,"",2*D55/(2*D55+E55+F55)) | M55: =IF(OR(H55="",I55=""),"",'KQ du lieu that'!$B$6*H55+(1-'KQ du lieu that'!$B$6)*I55)
A57: F. Tầng A – điểm thô (AUC hình thang trên 402 ngưỡng ở sheet DL ROC)
A58: Tập | B58: #bin | C58: % speech | D58: AUC (công thức) | E58: AUC Python (chính xác) | F58: Chênh | G58: PR-AUC (công thức) | H58: TPR @ FPR mốc 1 | I58: TPR @ FPR mốc 2 | J58: AUC macro theo file | K58: AUC không biên (Python) | L58: AUC chỉ biên (Python) | M58: AUC nhãn chắc (Python) | N58: Brier (Python)
A59: Test (tất cả) | B59: ='DL ROC'!Z5+'DL ROC'!AA5 | C59: ='DL ROC'!Z5/B59 | D59: =SUMPRODUCT(('DL ROC'!$BA$5:$BA$405-'DL ROC'!$BA$6:$BA$406)*('DL ROC'!$AZ$5:$AZ$405+'DL ROC'!$AZ$6:$AZ$406))/2 | E59: 0.84569599 | F59: =D59-E59 | G59: =SUMPRODUCT(('DL ROC'!$AZ$5:$AZ$405-'DL ROC'!$AZ$6:$AZ$406)*'DL ROC'!$BB$5:$BB$405) | H59: =_xlfn.MAXIFS('DL ROC'!$AZ$5:$AZ$406,'DL ROC'!$BA$5:$BA$406,"<="&$B$9) | I59: =_xlfn.MAXIFS('DL ROC'!$AZ$5:$AZ$406,'DL ROC'!$BA$5:$BA$406,"<="&$B$10) | J59: =AVERAGEIFS('DL theo file'!$L$5:$L$148,'DL theo file'!$C$5:$C$148,"test") | K59: 0.88447391 | L59: 0.57163798 | N59: 0.17818434
A60: Asm | B60: ='DL ROC'!B5+'DL ROC'!C5 | C60: ='DL ROC'!B5/B60 | D60: =SUMPRODUCT(('DL ROC'!$AI$5:$AI$405-'DL ROC'!$AI$6:$AI$406)*('DL ROC'!$AH$5:$AH$405+'DL ROC'!$AH$6:$AH$406))/2 | E60: 0.7413477 | F60: =D60-E60 | G60: =SUMPRODUCT(('DL ROC'!$AH$5:$AH$405-'DL ROC'!$AH$6:$AH$406)*'DL ROC'!$AJ$5:$AJ$405) | H60: =_xlfn.MAXIFS('DL ROC'!$AH$5:$AH$406,'DL ROC'!$AI$5:$AI$406,"<="&$B$9) | I60: =_xlfn.MAXIFS('DL ROC'!$AH$5:$AH$406,'DL ROC'!$AI$5:$AI$406,"<="&$B$10) | J60: =AVERAGEIFS('DL theo file'!$L$5:$L$148,'DL theo file'!$C$5:$C$148,"test",'DL theo file'!$B$5:$B$148,"Asm") | K60: 0.79077497 | L60: 0.54074388 | N60: 0.25488773
A61: Babble | B61: ='DL ROC'!F5+'DL ROC'!G5 | C61: ='DL ROC'!F5/B61 | D61: =SUMPRODUCT(('DL ROC'!$AL$5:$AL$405-'DL ROC'!$AL$6:$AL$406)*('DL ROC'!$AK$5:$AK$405+'DL ROC'!$AK$6:$AK$406))/2 | E61: 0.76238699 | F61: =D61-E61 | G61: =SUMPRODUCT(('DL ROC'!$AK$5:$AK$405-'DL ROC'!$AK$6:$AK$406)*'DL ROC'!$AM$5:$AM$405) | H61: =_xlfn.MAXIFS('DL ROC'!$AK$5:$AK$406,'DL ROC'!$AL$5:$AL$406,"<="&$B$9) | I61: =_xlfn.MAXIFS('DL ROC'!$AK$5:$AK$406,'DL ROC'!$AL$5:$AL$406,"<="&$B$10) | J61: =AVERAGEIFS('DL theo file'!$L$5:$L$148,'DL theo file'!$C$5:$C$148,"test",'DL theo file'!$B$5:$B$148,"Babble") | K61: 0.79290586 | L61: 0.51722661 | N61: 0.22426664
A62: Clean | B62: ='DL ROC'!J5+'DL ROC'!K5 | C62: ='DL ROC'!J5/B62 | D62: =SUMPRODUCT(('DL ROC'!$AO$5:$AO$405-'DL ROC'!$AO$6:$AO$406)*('DL ROC'!$AN$5:$AN$405+'DL ROC'!$AN$6:$AN$406))/2 | E62: 0.93407829 | F62: =D62-E62 | G62: =SUMPRODUCT(('DL ROC'!$AN$5:$AN$405-'DL ROC'!$AN$6:$AN$406)*'DL ROC'!$AP$5:$AP$405) | H62: =_xlfn.MAXIFS('DL ROC'!$AN$5:$AN$406,'DL ROC'!$AO$5:$AO$406,"<="&$B$9) | I62: =_xlfn.MAXIFS('DL ROC'!$AN$5:$AN$406,'DL ROC'!$AO$5:$AO$406,"<="&$B$10) | J62: =AVERAGEIFS('DL theo file'!$L$5:$L$148,'DL theo file'!$C$5:$C$148,"test",'DL theo file'!$B$5:$B$148,"Clean") | K62: 0.98903391 | L62: 0.80060496 | N62: 0.039459105
A63: Music | B63: ='DL ROC'!N5+'DL ROC'!O5 | C63: ='DL ROC'!N5/B63 | D63: =SUMPRODUCT(('DL ROC'!$AR$5:$AR$405-'DL ROC'!$AR$6:$AR$406)*('DL ROC'!$AQ$5:$AQ$405+'DL ROC'!$AQ$6:$AQ$406))/2 | E63: 0.52234094 | F63: =D63-E63 | G63: =SUMPRODUCT(('DL ROC'!$AQ$5:$AQ$405-'DL ROC'!$AQ$6:$AQ$406)*'DL ROC'!$AS$5:$AS$405) | H63: =_xlfn.MAXIFS('DL ROC'!$AQ$5:$AQ$406,'DL ROC'!$AR$5:$AR$406,"<="&$B$9) | I63: =_xlfn.MAXIFS('DL ROC'!$AQ$5:$AQ$406,'DL ROC'!$AR$5:$AR$406,"<="&$B$10) | J63: =AVERAGEIFS('DL theo file'!$L$5:$L$148,'DL theo file'!$C$5:$C$148,"test",'DL theo file'!$B$5:$B$148,"Music") | K63: 0.41766255 | L63: 0.48601399 | N63: 0.32552119
A64: Noise | B64: ='DL ROC'!R5+'DL ROC'!S5 | C64: ='DL ROC'!R5/B64 | D64: =SUMPRODUCT(('DL ROC'!$AU$5:$AU$405-'DL ROC'!$AU$6:$AU$406)*('DL ROC'!$AT$5:$AT$405+'DL ROC'!$AT$6:$AT$406))/2 | E64: 0.64813814 | F64: =D64-E64 | G64: =SUMPRODUCT(('DL ROC'!$AT$5:$AT$405-'DL ROC'!$AT$6:$AT$406)*'DL ROC'!$AV$5:$AV$405) | H64: =_xlfn.MAXIFS('DL ROC'!$AT$5:$AT$406,'DL ROC'!$AU$5:$AU$406,"<="&$B$9) | I64: =_xlfn.MAXIFS('DL ROC'!$AT$5:$AT$406,'DL ROC'!$AU$5:$AU$406,"<="&$B$10) | J64: =AVERAGEIFS('DL theo file'!$L$5:$L$148,'DL theo file'!$C$5:$C$148,"test",'DL theo file'!$B$5:$B$148,"Noise") | K64: 0.57838306 | L64: 0.55606893 | N64: 0.032946628
A65: Dev (tham khảo) | B65: ='DL ROC'!V5+'DL ROC'!W5 | C65: ='DL ROC'!V5/B65 | D65: =SUMPRODUCT(('DL ROC'!$AX$5:$AX$405-'DL ROC'!$AX$6:$AX$406)*('DL ROC'!$AW$5:$AW$405+'DL ROC'!$AW$6:$AW$406))/2 | E65: 0.84311477 | F65: =D65-E65 | G65: =SUMPRODUCT(('DL ROC'!$AW$5:$AW$405-'DL ROC'!$AW$6:$AW$406)*'DL ROC'!$AY$5:$AY$405) | H65: =_xlfn.MAXIFS('DL ROC'!$AW$5:$AW$406,'DL ROC'!$AX$5:$AX$406,"<="&$B$9) | I65: =_xlfn.MAXIFS('DL ROC'!$AW$5:$AW$406,'DL ROC'!$AX$5:$AX$406,"<="&$B$10) | J65: =AVERAGEIFS('DL theo file'!$L$5:$L$148,'DL theo file'!$C$5:$C$148,"dev") | K65: 0.87161085 | L65: 0.5785121 | N65: 0.18497573
A66: Cả 144 file (tham khảo) | B66: ='DL ROC'!AD5+'DL ROC'!AE5 | C66: ='DL ROC'!AD5/B66 | D66: =SUMPRODUCT(('DL ROC'!$BD$5:$BD$405-'DL ROC'!$BD$6:$BD$406)*('DL ROC'!$BC$5:$BC$405+'DL ROC'!$BC$6:$BC$406))/2 | E66: 0.84527952 | F66: =D66-E66 | G66: =SUMPRODUCT(('DL ROC'!$BC$5:$BC$405-'DL ROC'!$BC$6:$BC$406)*'DL ROC'!$BE$5:$BE$405) | H66: =_xlfn.MAXIFS('DL ROC'!$BC$5:$BC$406,'DL ROC'!$BD$5:$BD$406,"<="&$B$9) | I66: =_xlfn.MAXIFS('DL ROC'!$BC$5:$BC$406,'DL ROC'!$BD$5:$BD$406,"<="&$B$10) | J66: =AVERAGE('DL theo file'!$L$5:$L$148) | K66: 0.88107206 | L66: 0.57330507 | N66: 0.18013448
A67: CI95 AUC test (Python, bootstrap 1000 lần theo file) | B67: 0.78627616 | C67: 0.89667255
A68: AUC val tổng hợp (500 file, Python) | B68: 0.939156
A70: G. Nhất quán nhãn: không có người gán nhãn thứ 2 (--label2 hoặc --silero-cache) – bỏ qua
A72: H. Phân bố và kiểm tra theo file (từ DL theo file)
A73: Số file | B73: =COUNTA('DL theo file'!$A$5:$A$148)
A74: Số giờ audio | B74: =SUM('DL theo file'!$D$5:$D$148)/3600
A75: Số file chỉ có 1 lớp | B75: =SUM('DL theo file'!$P$5:$P$148)
A76: % file chỉ có 1 lớp | B76: =B75/B73
A77: % file cực đoan (speech < 0.1 hoặc > 0.9) | B77: =SUM('DL theo file'!$Q$5:$Q$148)/B73
A78: Trung vị số lần chuyển trạng thái / file | B78: =MEDIAN('DL theo file'!$I$5:$I$148)
A79: AUC gộp 144 file (công thức, mục F) | B79: =D66
A80: AUC macro theo file | B80: =AVERAGE('DL theo file'!$L$5:$L$148)
A81: SD AUC theo file | B81: =STDEV('DL theo file'!$L$5:$L$148)
A82: Chênh AUC gộp − macro | B82: =B79-B80
A83: Số file AUC < 0.9 | B83: =COUNTIF('DL theo file'!$L$5:$L$148,"<0.9")
A84: Số file AUC < 0.7 | B84: =COUNTIF('DL theo file'!$L$5:$L$148,"<0.7")
A85: AUC file tệ nhất | B85: =MIN('DL theo file'!$L$5:$L$148)
A86: File tệ nhất | B86: =IFERROR(INDEX('DL theo file'!$A$5:$A$148,MATCH(B85,'DL theo file'!$L$5:$L$148,0)),"")
A87: Trung vị lag (s) | B87: =IFERROR(MEDIAN('DL theo file'!$M$5:$M$148),"")
A88: Số file |lag| ≥ 0.4 s | B88: =COUNTIF('DL theo file'!$M$5:$M$148,">=0.4")+COUNTIF('DL theo file'!$M$5:$M$148,"<=-0.4")
A90: I. Chỉ số theo đoạn (Python, test, A4) – cần ghép từng đoạn nên không tính lại trong Excel
A91: Ngưỡng | B91: Giá trị | C91: Event-F1 | D91: Onset-F1 | E91: #đoạn GT | F91: #đoạn dự đoán | G91: #GT bị phân mảnh | H91: #dự đoán gộp ≥2 GT
A92: DCF-min dev (dùng chính) | B92: 0.02 | C92: 0.056009335 | D92: 0.14002334 | E92: 777 | F92: 937 | G92: 26 | H92: 112
A93: F1-max dev | B93: 0.29 | C93: 0.071910112 | D93: 0.1752809 | E93: 777 | F93: 558 | G93: 33 | H93: 48
A94: DCF-min val tổng hợp | B94: 0.26 | C94: 0.077542063 | D94: 0.16825165 | E94: 777 | F94: 590 | G94: 35 | H94: 46
A95: Δonset TB (s), ngưỡng Python | B95: =IFERROR(AVERAGE('DL do lech bien'!$A$5:$A$727),"")
A96: Δoffset TB (s), ngưỡng Python | B96: =IFERROR(AVERAGE('DL do lech bien'!$B$5:$B$727),"")
A97: Khoảng lặng GT ≤ 1 s bị lấp (Python) | B97: 345/369
A99: J. 30 đoạn nghi nhãn sai dài nhất (tổng 994 đoạn; đủ danh sách: results_test/suspicious.csv) – nghe lại
A100: File | B100: Category | C100: Tập | D100: Bắt đầu (s) | E100: Kết thúc (s) | F100: #bin | G100: Nhãn | H100: Điểm TB
A101: Music_rxovPkgqOXc | B101: Music | C101: test | D101: 13 | E101: 23.5 | F101: 21 | G101: non-speech | H101: 0.962
A102: Music_Em7vc8NWUNY | B102: Music | C102: dev | D102: 102 | E102: 112 | F102: 20 | G102: non-speech | H102: 0.959
A103: Music_tzGfiZ2RI10 | B103: Music | C103: dev | D103: 9.5 | E103: 18.5 | F103: 18 | G103: non-speech | H103: 0.98
A104: Music_tzGfiZ2RI10 | B104: Music | C104: dev | D104: 45.5 | E104: 54.5 | F104: 18 | G104: non-speech | H104: 0.977
A105: Music_X-yIEMduRXk | B105: Music | C105: test | D105: 70.5 | E105: 78.5 | F105: 16 | G105: non-speech | H105: 0.973
A106: Music_tzGfiZ2RI10 | B106: Music | C106: dev | D106: 112.5 | E106: 120 | F106: 15 | G106: non-speech | H106: 0.976
A107: Music_Em7vc8NWUNY | B107: Music | C107: dev | D107: 3.5 | E107: 11 | F107: 15 | G107: non-speech | H107: 0.958
A108: Music_tzGfiZ2RI10 | B108: Music | C108: dev | D108: 29.5 | E108: 37 | F108: 15 | G108: non-speech | H108: 0.968
A109: Music_hnjGqS1Doto | B109: Music | C109: dev | D109: 22 | E109: 29 | F109: 14 | G109: non-speech | H109: 0.964
A110: Asm_3OfnqBTIGs4 | B110: Asm | C110: test | D110: 57.5 | E110: 64.5 | F110: 14 | G110: speech | H110: 0.012
A111: Music_rxovPkgqOXc | B111: Music | C111: test | D111: 56.5 | E111: 63.5 | F111: 14 | G111: non-speech | H111: 0.979
...

Sheet Hinh du lieu that
A1: Hình – đánh giá (vẽ bằng Python)
A2: Nguồn: results_test/ (evaluate_real.py, 29/09/2026). 144 file; Nhãn trong C:/Users/leuhu/OneDrive/Máy tính/test/data/AAA/Ground_truth. Python reference, chưa phải output lib. Hình cố định ở ngưỡng Python 0.02 (A4); đổi tham số ở KQ du lieu that không đổi hình – chạy lại evaluate_real.py.
A4: Hình 1. Kiểm tra dữ liệu
A39: Hình 2. Tầng A (test)
A59: Hình 3. Ngưỡng và tầng B
A101: Hình 4. Timeline mẫu (test)
A149: Hình 5. Đặc trưng tập theo độ phân giải model
A188: Hình 6. Độ dài đoạn speech / khoảng lặng so với frame 0.5 s

Sheet DL quet nguong
A1: Số đếm theo ngưỡng
A2: Tập: dev = dev (chia từ dữ liệu), synth = val tổng hợp (nếu có), test = test theo category. Vùng bin: all = mọi bin, nb = bỏ bin biên ±1, b = chỉ bin biên. Chữ xanh = số đếm từ Python; MR…DCF (chỉ dev/synth) là công thức.
A4: Tập | B4: Cấu hình | C4: Category | D4: Vùng bin | E4: Ngưỡng | F4: TP | G4: FN | H4: FP | I4: TN | J4: FEC | K4: MSC | L4: OVER | M4: NDS | N4: MR | O4: FAR | P4: Precision | Q4: F1 | R4: DCF
A5: dev | B5: A0 | C5: Tất cả | D5: all | E5: 0.01 | F5: 2843 | G5: 77 | H5: 3963 | I5: 2646 | N5: =IF(F5+G5=0,"",G5/(F5+G5)) | O5: =IF(H5+I5=0,"",H5/(H5+I5)) | P5: =IF(F5+H5=0,"",F5/(F5+H5)) | Q5: =IF(2*F5+G5+H5=0,"",2*F5/(2*F5+G5+H5)) | R5: =IF(OR(N5="",O5=""),"",'KQ du lieu that'!$B$6*N5+(1-'KQ du lieu that'!$B$6)*O5)
A6: dev | B6: A0 | C6: Tất cả | D6: all | E6: 0.02 | F6: 2751 | G6: 169 | H6: 3456 | I6: 3153 | N6: =IF(F6+G6=0,"",G6/(F6+G6)) | O6: =IF(H6+I6=0,"",H6/(H6+I6)) | P6: =IF(F6+H6=0,"",F6/(F6+H6)) | Q6: =IF(2*F6+G6+H6=0,"",2*F6/(2*F6+G6+H6)) | R6: =IF(OR(N6="",O6=""),"",'KQ du lieu that'!$B$6*N6+(1-'KQ du lieu that'!$B$6)*O6)
A7: dev | B7: A0 | C7: Tất cả | D7: all | E7: 0.03 | F7: 2676 | G7: 244 | H7: 3140 | I7: 3469 | N7: =IF(F7+G7=0,"",G7/(F7+G7)) | O7: =IF(H7+I7=0,"",H7/(H7+I7)) | P7: =IF(F7+H7=0,"",F7/(F7+H7)) | Q7: =IF(2*F7+G7+H7=0,"",2*F7/(2*F7+G7+H7)) | R7: =IF(OR(N7="",O7=""),"",'KQ du lieu that'!$B$6*N7+(1-'KQ du lieu that'!$B$6)*O7)
A8: dev | B8: A0 | C8: Tất cả | D8: all | E8: 0.04 | F8: 2611 | G8: 309 | H8: 2907 | I8: 3702 | N8: =IF(F8+G8=0,"",G8/(F8+G8)) | O8: =IF(H8+I8=0,"",H8/(H8+I8)) | P8: =IF(F8+H8=0,"",F8/(F8+H8)) | Q8: =IF(2*F8+G8+H8=0,"",2*F8/(2*F8+G8+H8)) | R8: =IF(OR(N8="",O8=""),"",'KQ du lieu that'!$B$6*N8+(1-'KQ du lieu that'!$B$6)*O8)
A9: dev | B9: A0 | C9: Tất cả | D9: all | E9: 0.05 | F9: 2559 | G9: 361 | H9: 2746 | I9: 3863 | N9: =IF(F9+G9=0,"",G9/(F9+G9)) | O9: =IF(H9+I9=0,"",H9/(H9+I9)) | P9: =IF(F9+H9=0,"",F9/(F9+H9)) | Q9: =IF(2*F9+G9+H9=0,"",2*F9/(2*F9+G9+H9)) | R9: =IF(OR(N9="",O9=""),"",'KQ du lieu that'!$B$6*N9+(1-'KQ du lieu that'!$B$6)*O9)
A10: dev | B10: A0 | C10: Tất cả | D10: all | E10: 0.06 | F10: 2522 | G10: 398 | H10: 2613 | I10: 3996 | N10: =IF(F10+G10=0,"",G10/(F10+G10)) | O10: =IF(H10+I10=0,"",H10/(H10+I10)) | P10: =IF(F10+H10=0,"",F10/(F10+H10)) | Q10: =IF(2*F10+G10+H10=0,"",2*F10/(2*F10+G10+H10)) | R10: =IF(OR(N10="",O10=""),"",'KQ du lieu that'!$B$6*N10+(1-'KQ du lieu that'!$B$6)*O10)
A11: dev | B11: A0 | C11: Tất cả | D11: all | E11: 0.07 | F11: 2471 | G11: 449 | H11: 2499 | I11: 4110 | N11: =IF(F11+G11=0,"",G11/(F11+G11)) | O11: =IF(H11+I11=0,"",H11/(H11+I11)) | P11: =IF(F11+H11=0,"",F11/(F11+H11)) | Q11: =IF(2*F11+G11+H11=0,"",2*F11/(2*F11+G11+H11)) | R11: =IF(OR(N11="",O11=""),"",'KQ du lieu that'!$B$6*N11+(1-'KQ du lieu that'!$B$6)*O11)
A12: dev | B12: A0 | C12: Tất cả | D12: all | E12: 0.08 | F12: 2446 | G12: 474 | H12: 2408 | I12: 4201 | N12: =IF(F12+G12=0,"",G12/(F12+G12)) | O12: =IF(H12+I12=0,"",H12/(H12+I12)) | P12: =IF(F12+H12=0,"",F12/(F12+H12)) | Q12: =IF(2*F12+G12+H12=0,"",2*F12/(2*F12+G12+H12)) | R12: =IF(OR(N12="",O12=""),"",'KQ du lieu that'!$B$6*N12+(1-'KQ du lieu that'!$B$6)*O12)
A13: dev | B13: A0 | C13: Tất cả | D13: all | E13: 0.09 | F13: 2423 | G13: 497 | H13: 2330 | I13: 4279 | N13: =IF(F13+G13=0,"",G13/(F13+G13)) | O13: =IF(H13+I13=0,"",H13/(H13+I13)) | P13: =IF(F13+H13=0,"",F13/(F13+H13)) | Q13: =IF(2*F13+G13+H13=0,"",2*F13/(2*F13+G13+H13)) | R13: =IF(OR(N13="",O13=""),"",'KQ du lieu that'!$B$6*N13+(1-'KQ du lieu that'!$B$6)*O13)
A14: dev | B14: A0 | C14: Tất cả | D14: all | E14: 0.1 | F14: 2395 | G14: 525 | H14: 2256 | I14: 4353 | N14: =IF(F14+G14=0,"",G14/(F14+G14)) | O14: =IF(H14+I14=0,"",H14/(H14+I14)) | P14: =IF(F14+H14=0,"",F14/(F14+H14)) | Q14: =IF(2*F14+G14+H14=0,"",2*F14/(2*F14+G14+H14)) | R14: =IF(OR(N14="",O14=""),"",'KQ du lieu that'!$B$6*N14+(1-'KQ du lieu that'!$B$6)*O14)
A15: dev | B15: A0 | C15: Tất cả | D15: all | E15: 0.11 | F15: 2370 | G15: 550 | H15: 2180 | I15: 4429 | N15: =IF(F15+G15=0,"",G15/(F15+G15)) | O15: =IF(H15+I15=0,"",H15/(H15+I15)) | P15: =IF(F15+H15=0,"",F15/(F15+H15)) | Q15: =IF(2*F15+G15+H15=0,"",2*F15/(2*F15+G15+H15)) | R15: =IF(OR(N15="",O15=""),"",'KQ du lieu that'!$B$6*N15+(1-'KQ du lieu that'!$B$6)*O15)
A16: dev | B16: A0 | C16: Tất cả | D16: all | E16: 0.12 | F16: 2339 | G16: 581 | H16: 2110 | I16: 4499 | N16: =IF(F16+G16=0,"",G16/(F16+G16)) | O16: =IF(H16+I16=0,"",H16/(H16+I16)) | P16: =IF(F16+H16=0,"",F16/(F16+H16)) | Q16: =IF(2*F16+G16+H16=0,"",2*F16/(2*F16+G16+H16)) | R16: =IF(OR(N16="",O16=""),"",'KQ du lieu that'!$B$6*N16+(1-'KQ du lieu that'!$B$6)*O16)
... A954: synth | B954: A4 | C954: Tất cả | D954: all | E954: 0.95 | F954: 4321 | G954: 3622 | H954: 446 | I954: 17128 | N954: =IF(F954+G954=0,"",G954/(F954+G954)) | O954: =IF(H954+I954=0,"",H954/(H954+I954)) | P954: =IF(F954+H954=0,"",F954/(F954+H954)) | Q954: =IF(2*F954+G954+H954=0,"",2*F954/(2*F954+G954+H954)) | R954: =IF(OR(N954="",O954=""),"",'KQ du lieu that'!$B$6*N954+(1-'KQ du lieu that'!$B$6)*O954)
A955: test | B955: A0 | C955: Asm | D955: all | E955: 0.01 | F955: 1366 | G955: 190 | H955: 2222 | I955: 1262 | J955: 79 | K955: 111 | L955: 484 | M955: 1738
A956: test | B956: A0 | C956: Asm | D956: all | E956: 0.02 | F956: 1132 | G956: 424 | H956: 1434 | I956: 2050 | J956: 186 | K956: 238 | L956: 362 | M956: 1072
A957: test | B957: A0 | C957: Asm | D957: all | E957: 0.03 | F957: 928 | G957: 628 | H957: 939 | I957: 2545 | J957: 290 | K957: 338 | L957: 278 | M957: 661
A958: test | B958: A0 | C958: Asm | D958: all | E958: 0.04 | F958: 789 | G958: 767 | H958: 621 | I958: 2863 | J958: 362 | K958: 405 | L958: 199 | M958: 422
A959: test | B959: A0 | C959: Asm | D959: all | E959: 0.05 | F959: 685 | G959: 871 | H959: 439 | I959: 3045 | J959: 410 | K959: 461 | L959: 159 | M959: 280
A960: test | B960: A0 | C960: Asm | D960: all | E960: 0.06 | F960: 602 | G960: 954 | H960: 319 | I960: 3165 | J960: 446 | K960: 508 | L960: 126 | M960: 193
A961: test | B961: A0 | C961: Asm | D961: all | E961: 0.07 | F961: 543 | G961: 1013 | H961: 251 | I961: 3233 | J961: 470 | K961: 543 | L961: 106 | M961: 145
A962: test | B962: A0 | C962: Asm | D962: all | E962: 0.08 | F962: 491 | G962: 1065 | H962: 199 | I962: 3285 | J962: 488 | K962: 577 | L962: 87 | M962: 112
A963: test | B963: A0 | C963: Asm | D963: all | E963: 0.09 | F963: 440 | G963: 1116 | H963: 171 | I963: 3313 | J963: 510 | K963: 606 | L963: 80 | M963: 91
A964: test | B964: A0 | C964: Asm | D964: all | E964: 0.1 | F964: 407 | G964: 1149 | H964: 148 | I964: 3336 | J964: 520 | K964: 629 | L964: 72 | M964: 76
A965: test | B965: A0 | C965: Asm | D965: all | E965: 0.11 | F965: 389 | G965: 1167 | H965: 125 | I965: 3359 | J965: 526 | K965: 641 | L965: 62 | M965: 63
A966: test | B966: A0 | C966: Asm | D966: all | E966: 0.12 | F966: 366 | G966: 1190 | H966: 109 | I966: 3375 | J966: 537 | K966: 653 | L966: 56 | M966: 53
... A1049: test | B1049: A0 | C1049: Asm | D1049: all | E1049: 0.95 | F1049: 2 | G1049: 1554 | H1049: 0 | I1049: 3484 | J1049: 610 | K1049: 944 | L1049: 0 | M1049: 0
A1050: test | B1050: A0 | C1050: Asm | D1050: nb | E1050: 0.01 | F1050: 835 | G1050: 111 | H1050: 1738 | I1050: 1175
A1051: test | B1051: A0 | C1051: Asm | D1051: nb | E1051: 0.02 | F1051: 708 | G1051: 238 | H1051: 1072 | I1051: 1841
A1052: test | B1052: A0 | C1052: Asm | D1052: nb | E1052: 0.03 | F1052: 608 | G1052: 338 | H1052: 661 | I1052: 2252
A1053: test | B1053: A0 | C1053: Asm | D1053: nb | E1053: 0.04 | F1053: 541 | G1053: 405 | H1053: 422 | I1053: 2491
A1054: test | B1054: A0 | C1054: Asm | D1054: nb | E1054: 0.05 | F1054: 485 | G1054: 461 | H1054: 280 | I1054: 2633
A1055: test | B1055: A0 | C1055: Asm | D1055: nb | E1055: 0.06 | F1055: 438 | G1055: 508 | H1055: 193 | I1055: 2720
A1056: test | B1056: A0 | C1056: Asm | D1056: nb | E1056: 0.07 | F1056: 403 | G1056: 543 | H1056: 145 | I1056: 2768
A1057: test | B1057: A0 | C1057: Asm | D1057: nb | E1057: 0.08 | F1057: 369 | G1057: 577 | H1057: 112 | I1057: 2801
A1058: test | B1058: A0 | C1058: Asm | D1058: nb | E1058: 0.09 | F1058: 340 | G1058: 606 | H1058: 91 | I1058: 2822
A1059: test | B1059: A0 | C1059: Asm | D1059: nb | E1059: 0.1 | F1059: 317 | G1059: 629 | H1059: 76 | I1059: 2837
A1060: test | B1060: A0 | C1060: Asm | D1060: nb | E1060: 0.11 | F1060: 305 | G1060: 641 | H1060: 63 | I1060: 2850
A1061: test | B1061: A0 | C1061: Asm | D1061: nb | E1061: 0.12 | F1061: 293 | G1061: 653 | H1061: 53 | I1061: 2860
... A1239: test | B1239: A0 | C1239: Asm | D1239: b | E1239: 0.95 | F1239: 0 | G1239: 610 | H1239: 0 | I1239: 571
A1240: test | B1240: A0 | C1240: Babble | D1240: all | E1240: 0.01 | F1240: 1414 | G1240: 2 | H1240: 2491 | I1240: 398 | J1240: 1 | K1240: 1 | L1240: 293 | M1240: 2198
A1241: test | B1241: A0 | C1241: Babble | D1241: all | E1241: 0.02 | F1241: 1409 | G1241: 7 | H1241: 2259 | I1241: 630 | J1241: 4 | K1241: 3 | L1241: 288 | M1241: 1971
A1242: test | B1242: A0 | C1242: Babble | D1242: all | E1242: 0.03 | F1242: 1399 | G1242: 17 | H1242: 2055 | I1242: 834 | J1242: 10 | K1242: 7 | L1242: 283 | M1242: 1772
A1243: test | B1243: A0 | C1243: Babble | D1243: all | E1243: 0.04 | F1243: 1373 | G1243: 43 | H1243: 1835 | I1243: 1054 | J1243: 16 | K1243: 27 | L1243: 275 | M1243: 1560
A1244: test | B1244: A0 | C1244: Babble | D1244: all | E1244: 0.05 | F1244: 1349 | G1244: 67 | H1244: 1657 | I1244: 1232 | J1244: 18 | K1244: 49 | L1244: 264 | M1244: 1393
A1245: test | B1245: A0 | C1245: Babble | D1245: all | E1245: 0.06 | F1245: 1315 | G1245: 101 | H1245: 1495 | I1245: 1394 | J1245: 30 | K1245: 71 | L1245: 258 | M1245: 1237
A1246: test | B1246: A0 | C1246: Babble | D1246: all | E1246: 0.07 | F1246: 1253 | G1246: 163 | H1246: 1378 | I1246: 1511 | J1246: 47 | K1246: 116 | L1246: 245 | M1246: 1133
A1247: test | B1247: A0 | C1247: Babble | D1247: all | E1247: 0.08 | F1247: 1200 | G1247: 216 | H1247: 1271 | I1247: 1618 | J1247: 58 | K1247: 158 | L1247: 232 | M1247: 1039
A1248: test | B1248: A0 | C1248: Babble | D1248: all | E1248: 0.09 | F1248: 1152 | G1248: 264 | H1248: 1181 | I1248: 1708 | J1248: 67 | K1248: 197 | L1248: 219 | M1248: 962
A1249: test | B1249: A0 | C1249: Babble | D1249: all | E1249: 0.1 | F1249: 1093 | G1249: 323 | H1249: 1087 | I1249: 1802 | J1249: 81 | K1249: 242 | L1249: 203 | M1249: 884
A1250: test | B1250: A0 | C1250: Babble | D1250: all | E1250: 0.11 | F1250: 1023 | G1250: 393 | H1250: 997 | I1250: 1892 | J1250: 97 | K1250: 296 | L1250: 191 | M1250: 806
A1251: test | B1251: A0 | C1251: Babble | D1251: all | E1251: 0.12 | F1251: 967 | G1251: 449 | H1251: 918 | I1251: 1971 | J1251: 105 | K1251: 344 | L1251: 172 | M1251: 746
... A1334: test | B1334: A0 | C1334: Babble | D1334: all | E1334: 0.95 | F1334: 12 | G1334: 1404 | H1334: 5 | I1334: 2884 | J1334: 279 | K1334: 1125 | L1334: 1 | M1334: 4
A1335: test | B1335: A0 | C1335: Babble | D1335: nb | E1335: 0.01 | F1335: 1134 | G1335: 1 | H1335: 2198 | I1335: 396
A1336: test | B1336: A0 | C1336: Babble | D1336: nb | E1336: 0.02 | F1336: 1132 | G1336: 3 | H1336: 1971 | I1336: 623
A1337: test | B1337: A0 | C1337: Babble | D1337: nb | E1337: 0.03 | F1337: 1128 | G1337: 7 | H1337: 1772 | I1337: 822
A1338: test | B1338: A0 | C1338: Babble | D1338: nb | E1338: 0.04 | F1338: 1108 | G1338: 27 | H1338: 1560 | I1338: 1034
A1339: test | B1339: A0 | C1339: Babble | D1339: nb | E1339: 0.05 | F1339: 1086 | G1339: 49 | H1339: 1393 | I1339: 1201
A1340: test | B1340: A0 | C1340: Babble | D1340: nb | E1340: 0.06 | F1340: 1064 | G1340: 71 | H1340: 1237 | I1340: 1357
A1341: test | B1341: A0 | C1341: Babble | D1341: nb | E1341: 0.07 | F1341: 1019 | G1341: 116 | H1341: 1133 | I1341: 1461
A1342: test | B1342: A0 | C1342: Babble | D1342: nb | E1342: 0.08 | F1342: 977 | G1342: 158 | H1342: 1039 | I1342: 1555
A1343: test | B1343: A0 | C1343: Babble | D1343: nb | E1343: 0.09 | F1343: 938 | G1343: 197 | H1343: 962 | I1343: 1632
A1344: test | B1344: A0 | C1344: Babble | D1344: nb | E1344: 0.1 | F1344: 893 | G1344: 242 | H1344: 884 | I1344: 1710
A1345: test | B1345: A0 | C1345: Babble | D1345: nb | E1345: 0.11 | F1345: 839 | G1345: 296 | H1345: 806 | I1345: 1788
A1346: test | B1346: A0 | C1346: Babble | D1346: nb | E1346: 0.12 | F1346: 791 | G1346: 344 | H1346: 746 | I1346: 1848
... A1524: test | B1524: A0 | C1524: Babble | D1524: b | E1524: 0.95 | F1524: 2 | G1524: 279 | H1524: 1 | I1524: 294
A1525: test | B1525: A0 | C1525: Clean | D1525: all | E1525: 0.01 | F1525: 4263 | G1525: 1 | H1525: 407 | I1525: 81 | J1525: 1 | K1525: 0 | L1525: 285 | M1525: 122
A1526: test | B1526: A0 | C1526: Clean | D1526: all | E1526: 0.02 | F1526: 4261 | G1526: 3 | H1526: 377 | I1526: 111 | J1526: 2 | K1526: 1 | L1526: 281 | M1526: 96
A1527: test | B1527: A0 | C1527: Clean | D1527: all | E1527: 0.03 | F1527: 4261 | G1527: 3 | H1527: 366 | I1527: 122 | J1527: 2 | K1527: 1 | L1527: 279 | M1527: 87
A1528: test | B1528: A0 | C1528: Clean | D1528: all | E1528: 0.04 | F1528: 4260 | G1528: 4 | H1528: 355 | I1528: 133 | J1528: 3 | K1528: 1 | L1528: 276 | M1528: 79
A1529: test | B1529: A0 | C1529: Clean | D1529: all | E1529: 0.05 | F1529: 4260 | G1529: 4 | H1529: 345 | I1529: 143 | J1529: 3 | K1529: 1 | L1529: 275 | M1529: 70
A1530: test | B1530: A0 | C1530: Clean | D1530: all | E1530: 0.06 | F1530: 4260 | G1530: 4 | H1530: 338 | I1530: 150 | J1530: 3 | K1530: 1 | L1530: 273 | M1530: 65
A1531: test | B1531: A0 | C1531: Clean | D1531: all | E1531: 0.07 | F1531: 4260 | G1531: 4 | H1531: 331 | I1531: 157 | J1531: 3 | K1531: 1 | L1531: 271 | M1531: 60
A1532: test | B1532: A0 | C1532: Clean | D1532: all | E1532: 0.08 | F1532: 4260 | G1532: 4 | H1532: 328 | I1532: 160 | J1532: 3 | K1532: 1 | L1532: 271 | M1532: 57
A1533: test | B1533: A0 | C1533: Clean | D1533: all | E1533: 0.09 | F1533: 4259 | G1533: 5 | H1533: 323 | I1533: 165 | J1533: 4 | K1533: 1 | L1533: 269 | M1533: 54
A1534: test | B1534: A0 | C1534: Clean | D1534: all | E1534: 0.1 | F1534: 4259 | G1534: 5 | H1534: 321 | I1534: 167 | J1534: 4 | K1534: 1 | L1534: 268 | M1534: 53
A1535: test | B1535: A0 | C1535: Clean | D1535: all | E1535: 0.11 | F1535: 4259 | G1535: 5 | H1535: 317 | I1535: 171 | J1535: 4 | K1535: 1 | L1535: 266 | M1535: 51
A1536: test | B1536: A0 | C1536: Clean | D1536: all | E1536: 0.12 | F1536: 4259 | G1536: 5 | H1536: 314 | I1536: 174 | J1536: 4 | K1536: 1 | L1536: 265 | M1536: 49
... A1619: test | B1619: A0 | C1619: Clean | D1619: all | E1619: 0.95 | F1619: 4020 | G1619: 244 | H1619: 97 | I1619: 391 | J1619: 82 | K1619: 162 | L1619: 91 | M1619: 6
A1620: test | B1620: A0 | C1620: Clean | D1620: nb | E1620: 0.01 | F1620: 3870 | G1620: 0 | H1620: 122 | I1620: 74
A1621: test | B1621: A0 | C1621: Clean | D1621: nb | E1621: 0.02 | F1621: 3869 | G1621: 1 | H1621: 96 | I1621: 100
A1622: test | B1622: A0 | C1622: Clean | D1622: nb | E1622: 0.03 | F1622: 3869 | G1622: 1 | H1622: 87 | I1622: 109
A1623: test | B1623: A0 | C1623: Clean | D1623: nb | E1623: 0.04 | F1623: 3869 | G1623: 1 | H1623: 79 | I1623: 117
A1624: test | B1624: A0 | C1624: Clean | D1624: nb | E1624: 0.05 | F1624: 3869 | G1624: 1 | H1624: 70 | I1624: 126
A1625: test | B1625: A0 | C1625: Clean | D1625: nb | E1625: 0.06 | F1625: 3869 | G1625: 1 | H1625: 65 | I1625: 131
A1626: test | B1626: A0 | C1626: Clean | D1626: nb | E1626: 0.07 | F1626: 3869 | G1626: 1 | H1626: 60 | I1626: 136
A1627: test | B1627: A0 | C1627: Clean | D1627: nb | E1627: 0.08 | F1627: 3869 | G1627: 1 | H1627: 57 | I1627: 139
A1628: test | B1628: A0 | C1628: Clean | D1628: nb | E1628: 0.09 | F1628: 3869 | G1628: 1 | H1628: 54 | I1628: 142
A1629: test | B1629: A0 | C1629: Clean | D1629: nb | E1629: 0.1 | F1629: 3869 | G1629: 1 | H1629: 53 | I1629: 143
A1630: test | B1630: A0 | C1630: Clean | D1630: nb | E1630: 0.11 | F1630: 3869 | G1630: 1 | H1630: 51 | I1630: 145
A1631: test | B1631: A0 | C1631: Clean | D1631: nb | E1631: 0.12 | F1631: 3869 | G1631: 1 | H1631: 49 | I1631: 147
... A1809: test | B1809: A0 | C1809: Clean | D1809: b | E1809: 0.95 | F1809: 312 | G1809: 82 | H1809: 91 | I1809: 201
A1810: test | B1810: A0 | C1810: Music | D1810: all | E1810: 0.01 | F1810: 27 | G1810: 2 | H1810: 4161 | I1810: 809 | J1810: 1 | K1810: 1 | L1810: 29 | M1810: 4132
A1811: test | B1811: A0 | C1811: Music | D1811: all | E1811: 0.02 | F1811: 26 | G1811: 3 | H1811: 3810 | I1811: 1160 | J1811: 2 | K1811: 1 | L1811: 29 | M1811: 3781
A1812: test | B1812: A0 | C1812: Music | D1812: all | E1812: 0.03 | F1812: 25 | G1812: 4 | H1812: 3602 | I1812: 1368 | J1812: 3 | K1812: 1 | L1812: 27 | M1812: 3575
A1813: test | B1813: A0 | C1813: Music | D1813: all | E1813: 0.04 | F1813: 24 | G1813: 5 | H1813: 3450 | I1813: 1520 | J1813: 4 | K1813: 1 | L1813: 27 | M1813: 3423
A1814: test | B1814: A0 | C1814: Music | D1814: all | E1814: 0.05 | F1814: 23 | G1814: 6 | H1814: 3316 | I1814: 1654 | J1814: 5 | K1814: 1 | L1814: 27 | M1814: 3289
A1815: test | B1815: A0 | C1815: Music | D1815: all | E1815: 0.06 | F1815: 23 | G1815: 6 | H1815: 3219 | I1815: 1751 | J1815: 5 | K1815: 1 | L1815: 27 | M1815: 3192
...

Sheet DL ROC
A1: Số đếm ROC trên điểm thô (tầng A)
A2: 402 ngưỡng = phân vị điểm của mọi file + 2 ngưỡng chặn; speech khi điểm ≥ ngưỡng. Test theo category và Dev gộp là số từ Python (chữ xanh); nhóm Test, Tất cả và mọi tỉ lệ là công thức.
A4: Ngưỡng | B4: Asm TP | C4: Asm FP | D4: Asm FN | E4: Asm TN | F4: Babble TP | G4: Babble FP | H4: Babble FN | I4: Babble TN | J4: Clean TP | K4: Clean FP | L4: Clean FN | M4: Clean TN | N4: Music TP | O4: Music FP | P4: Music FN | Q4: Music TN | R4: Noise TP | S4: Noise FP | T4: Noise FN | U4: Noise TN | V4: Dev TP | W4: Dev FP | X4: Dev FN | Y4: Dev TN | Z4: Test TP | AA4: Test FP | AB4: Test FN | AC4: Test TN | AD4: Tất cả TP | AE4: Tất cả FP | AF4: Tất cả FN | AG4: Tất cả TN | AH4: Asm TPR | AI4: Asm FPR | AJ4: Asm Precision | AK4: Babble TPR | AL4: Babble FPR | AM4: Babble Precision | AN4: Clean TPR | AO4: Clean FPR | AP4: Clean Precision | AQ4: Music TPR | AR4: Music FPR | AS4: Music Precision | AT4: Noise TPR | AU4: Noise FPR | AV4: Noise Precision | AW4: Dev TPR | AX4: Dev FPR | AY4: Dev Precision | AZ4: Test TPR | BA4: Test FPR | BB4: Test Precision | BC4: Tất cả TPR | BD4: Tất cả FPR | BE4: Tất cả Precision
A5: -1e-06 | B5: 1556 | C5: 3484 | D5: 0 | E5: 0 | F5: 1416 | G5: 2889 | H5: 0 | I5: 0 | J5: 4264 | K5: 488 | L5: 0 | M5: 0 | N5: 29 | O5: 4970 | P5: 0 | Q5: 0 | R5: 159 | S5: 4401 | T5: 0 | U5: 0 | V5: 2920 | W5: 6609 | X5: 0 | Y5: 0 | Z5: =B5+F5+J5+N5+R5 | AA5: =C5+G5+K5+O5+S5 | AB5: =D5+H5+L5+P5+T5 | AC5: =E5+I5+M5+Q5+U5 | AD5: =Z5+V5 | AE5: =AA5+W5 | AF5: =AB5+X5 | AG5: =AC5+Y5 | AH5: =IF(B5+D5=0,"",B5/(B5+D5)) | AI5: =IF(C5+E5=0,"",C5/(C5+E5)) | AJ5: =IF(B5+C5=0,1,B5/(B5+C5)) | AK5: =IF(F5+H5=0,"",F5/(F5+H5)) | AL5: =IF(G5+I5=0,"",G5/(G5+I5)) | AM5: =IF(F5+G5=0,1,F5/(F5+G5)) | AN5: =IF(J5+L5=0,"",J5/(J5+L5)) | AO5: =IF(K5+M5=0,"",K5/(K5+M5)) | AP5: =IF(J5+K5=0,1,J5/(J5+K5)) | AQ5: =IF(N5+P5=0,"",N5/(N5+P5)) | AR5: =IF(O5+Q5=0,"",O5/(O5+Q5)) | AS5: =IF(N5+O5=0,1,N5/(N5+O5)) | AT5: =IF(R5+T5=0,"",R5/(R5+T5)) | AU5: =IF(S5+U5=0,"",S5/(S5+U5)) | AV5: =IF(R5+S5=0,1,R5/(R5+S5)) | AW5: =IF(V5+X5=0,"",V5/(V5+X5)) | AX5: =IF(W5+Y5=0,"",W5/(W5+Y5)) | AY5: =IF(V5+W5=0,1,V5/(V5+W5)) | AZ5: =IF(Z5+AB5=0,"",Z5/(Z5+AB5)) | BA5: =IF(AA5+AC5=0,"",AA5/(AA5+AC5)) | BB5: =IF(Z5+AA5=0,1,Z5/(Z5+AA5)) | BC5: =IF(AD5+AF5=0,"",AD5/(AD5+AF5)) | BD5: =IF(AE5+AG5=0,"",AE5/(AE5+AG5)) | BE5: =IF(AD5+AE5=0,1,AD5/(AD5+AE5))
A6: 0 | B6: 1556 | C6: 3484 | D6: 0 | E6: 0 | F6: 1416 | G6: 2889 | H6: 0 | I6: 0 | J6: 4264 | K6: 488 | L6: 0 | M6: 0 | N6: 29 | O6: 4970 | P6: 0 | Q6: 0 | R6: 159 | S6: 4401 | T6: 0 | U6: 0 | V6: 2920 | W6: 6609 | X6: 0 | Y6: 0 | Z6: =B6+F6+J6+N6+R6 | AA6: =C6+G6+K6+O6+S6 | AB6: =D6+H6+L6+P6+T6 | AC6: =E6+I6+M6+Q6+U6 | AD6: =Z6+V6 | AE6: =AA6+W6 | AF6: =AB6+X6 | AG6: =AC6+Y6 | AH6: =IF(B6+D6=0,"",B6/(B6+D6)) | AI6: =IF(C6+E6=0,"",C6/(C6+E6)) | AJ6: =IF(B6+C6=0,1,B6/(B6+C6)) | AK6: =IF(F6+H6=0,"",F6/(F6+H6)) | AL6: =IF(G6+I6=0,"",G6/(G6+I6)) | AM6: =IF(F6+G6=0,1,F6/(F6+G6)) | AN6: =IF(J6+L6=0,"",J6/(J6+L6)) | AO6: =IF(K6+M6=0,"",K6/(K6+M6)) | AP6: =IF(J6+K6=0,1,J6/(J6+K6)) | AQ6: =IF(N6+P6=0,"",N6/(N6+P6)) | AR6: =IF(O6+Q6=0,"",O6/(O6+Q6)) | AS6: =IF(N6+O6=0,1,N6/(N6+O6)) | AT6: =IF(R6+T6=0,"",R6/(R6+T6)) | AU6: =IF(S6+U6=0,"",S6/(S6+U6)) | AV6: =IF(R6+S6=0,1,R6/(R6+S6)) | AW6: =IF(V6+X6=0,"",V6/(V6+X6)) | AX6: =IF(W6+Y6=0,"",W6/(W6+Y6)) | AY6: =IF(V6+W6=0,1,V6/(V6+W6)) | AZ6: =IF(Z6+AB6=0,"",Z6/(Z6+AB6)) | BA6: =IF(AA6+AC6=0,"",AA6/(AA6+AC6)) | BB6: =IF(Z6+AA6=0,1,Z6/(Z6+AA6)) | BC6: =IF(AD6+AF6=0,"",AD6/(AD6+AF6)) | BD6: =IF(AE6+AG6=0,"",AE6/(AE6+AG6)) | BE6: =IF(AD6+AE6=0,1,AD6/(AD6+AE6))
A7: 4.1314286e-06 | B7: 1556 | C7: 3452 | D7: 0 | E7: 32 | F7: 1416 | G7: 2886 | H7: 0 | I7: 3 | J7: 4264 | K7: 476 | L7: 0 | M7: 12 | N7: 29 | O7: 4965 | P7: 0 | Q7: 5 | R7: 159 | S7: 4392 | T7: 0 | U7: 9 | V7: 2920 | W7: 6504 | X7: 0 | Y7: 105 | Z7: =B7+F7+J7+N7+R7 | AA7: =C7+G7+K7+O7+S7 | AB7: =D7+H7+L7+P7+T7 | AC7: =E7+I7+M7+Q7+U7 | AD7: =Z7+V7 | AE7: =AA7+W7 | AF7: =AB7+X7 | AG7: =AC7+Y7 | AH7: =IF(B7+D7=0,"",B7/(B7+D7)) | AI7: =IF(C7+E7=0,"",C7/(C7+E7)) | AJ7: =IF(B7+C7=0,1,B7/(B7+C7)) | AK7: =IF(F7+H7=0,"",F7/(F7+H7)) | AL7: =IF(G7+I7=0,"",G7/(G7+I7)) | AM7: =IF(F7+G7=0,1,F7/(F7+G7)) | AN7: =IF(J7+L7=0,"",J7/(J7+L7)) | AO7: =IF(K7+M7=0,"",K7/(K7+M7)) | AP7: =IF(J7+K7=0,1,J7/(J7+K7)) | AQ7: =IF(N7+P7=0,"",N7/(N7+P7)) | AR7: =IF(O7+Q7=0,"",O7/(O7+Q7)) | AS7: =IF(N7+O7=0,1,N7/(N7+O7)) | AT7: =IF(R7+T7=0,"",R7/(R7+T7)) | AU7: =IF(S7+U7=0,"",S7/(S7+U7)) | AV7: =IF(R7+S7=0,1,R7/(R7+S7)) | AW7: =IF(V7+X7=0,"",V7/(V7+X7)) | AX7: =IF(W7+Y7=0,"",W7/(W7+Y7)) | AY7: =IF(V7+W7=0,1,V7/(V7+W7)) | AZ7: =IF(Z7+AB7=0,"",Z7/(Z7+AB7)) | BA7: =IF(AA7+AC7=0,"",AA7/(AA7+AC7)) | BB7: =IF(Z7+AA7=0,1,Z7/(Z7+AA7)) | BC7: =IF(AD7+AF7=0,"",AD7/(AD7+AF7)) | BD7: =IF(AE7+AG7=0,"",AE7/(AE7+AG7)) | BE7: =IF(AD7+AE7=0,1,AD7/(AD7+AE7))
A8: 4.4313333e-05 | B8: 1556 | C8: 3442 | D8: 0 | E8: 42 | F8: 1416 | G8: 2884 | H8: 0 | I8: 5 | J8: 4264 | K8: 476 | L8: 0 | M8: 12 | N8: 29 | O8: 4961 | P8: 0 | Q8: 9 | R8: 159 | S8: 4356 | T8: 0 | U8: 45 | V8: 2920 | W8: 6473 | X8: 0 | Y8: 136 | Z8: =B8+F8+J8+N8+R8 | AA8: =C8+G8+K8+O8+S8 | AB8: =D8+H8+L8+P8+T8 | AC8: =E8+I8+M8+Q8+U8 | AD8: =Z8+V8 | AE8: =AA8+W8 | AF8: =AB8+X8 | AG8: =AC8+Y8 | AH8: =IF(B8+D8=0,"",B8/(B8+D8)) | AI8: =IF(C8+E8=0,"",C8/(C8+E8)) | AJ8: =IF(B8+C8=0,1,B8/(B8+C8)) | AK8: =IF(F8+H8=0,"",F8/(F8+H8)) | AL8: =IF(G8+I8=0,"",G8/(G8+I8)) | AM8: =IF(F8+G8=0,1,F8/(F8+G8)) | AN8: =IF(J8+L8=0,"",J8/(J8+L8)) | AO8: =IF(K8+M8=0,"",K8/(K8+M8)) | AP8: =IF(J8+K8=0,1,J8/(J8+K8)) | AQ8: =IF(N8+P8=0,"",N8/(N8+P8)) | AR8: =IF(O8+Q8=0,"",O8/(O8+Q8)) | AS8: =IF(N8+O8=0,1,N8/(N8+O8)) | AT8: =IF(R8+T8=0,"",R8/(R8+T8)) | AU8: =IF(S8+U8=0,"",S8/(S8+U8)) | AV8: =IF(R8+S8=0,1,R8/(R8+S8)) | AW8: =IF(V8+X8=0,"",V8/(V8+X8)) | AX8: =IF(W8+Y8=0,"",W8/(W8+Y8)) | AY8: =IF(V8+W8=0,1,V8/(V8+W8)) | AZ8: =IF(Z8+AB8=0,"",Z8/(Z8+AB8)) | BA8: =IF(AA8+AC8=0,"",AA8/(AA8+AC8)) | BB8: =IF(Z8+AA8=0,1,Z8/(Z8+AA8)) | BC8: =IF(AD8+AF8=0,"",AD8/(AD8+AF8)) | BD8: =IF(AE8+AG8=0,"",AE8/(AE8+AG8)) | BE8: =IF(AD8+AE8=0,1,AD8/(AD8+AE8))
A9: 8.4834286e-05 | B9: 1556 | C9: 3428 | D9: 0 | E9: 56 | F9: 1416 | G9: 2884 | H9: 0 | I9: 5 | J9: 4264 | K9: 473 | L9: 0 | M9: 15 | N9: 29 | O9: 4955 | P9: 0 | Q9: 15 | R9: 159 | S9: 4308 | T9: 0 | U9: 93 | V9: 2920 | W9: 6461 | X9: 0 | Y9: 148 | Z9: =B9+F9+J9+N9+R9 | AA9: =C9+G9+K9+O9+S9 | AB9: =D9+H9+L9+P9+T9 | AC9: =E9+I9+M9+Q9+U9 | AD9: =Z9+V9 | AE9: =AA9+W9 | AF9: =AB9+X9 | AG9: =AC9+Y9 | AH9: =IF(B9+D9=0,"",B9/(B9+D9)) | AI9: =IF(C9+E9=0,"",C9/(C9+E9)) | AJ9: =IF(B9+C9=0,1,B9/(B9+C9)) | AK9: =IF(F9+H9=0,"",F9/(F9+H9)) | AL9: =IF(G9+I9=0,"",G9/(G9+I9)) | AM9: =IF(F9+G9=0,1,F9/(F9+G9)) | AN9: =IF(J9+L9=0,"",J9/(J9+L9)) | AO9: =IF(K9+M9=0,"",K9/(K9+M9)) | AP9: =IF(J9+K9=0,1,J9/(J9+K9)) | AQ9: =IF(N9+P9=0,"",N9/(N9+P9)) | AR9: =IF(O9+Q9=0,"",O9/(O9+Q9)) | AS9: =IF(N9+O9=0,1,N9/(N9+O9)) | AT9: =IF(R9+T9=0,"",R9/(R9+T9)) | AU9: =IF(S9+U9=0,"",S9/(S9+U9)) | AV9: =IF(R9+S9=0,1,R9/(R9+S9)) | AW9: =IF(V9+X9=0,"",V9/(V9+X9)) | AX9: =IF(W9+Y9=0,"",W9/(W9+Y9)) | AY9: =IF(V9+W9=0,1,V9/(V9+W9)) | AZ9: =IF(Z9+AB9=0,"",Z9/(Z9+AB9)) | BA9: =IF(AA9+AC9=0,"",AA9/(AA9+AC9)) | BB9: =IF(Z9+AA9=0,1,Z9/(Z9+AA9)) | BC9: =IF(AD9+AF9=0,"",AD9/(AD9+AF9)) | BD9: =IF(AE9+AG9=0,"",AE9/(AE9+AG9)) | BE9: =IF(AD9+AE9=0,1,AD9/(AD9+AE9))
A10: 0.0001198 | B10: 1556 | C10: 3420 | D10: 0 | E10: 64 | F10: 1416 | G10: 2882 | H10: 0 | I10: 7 | J10: 4264 | K10: 471 | L10: 0 | M10: 17 | N10: 29 | O10: 4943 | P10: 0 | Q10: 27 | R10: 159 | S10: 4265 | T10: 0 | U10: 136 | V10: 2920 | W10: 6445 | X10: 0 | Y10: 164 | Z10: =B10+F10+J10+N10+R10 | AA10: =C10+G10+K10+O10+S10 | AB10: =D10+H10+L10+P10+T10 | AC10: =E10+I10+M10+Q10+U10 | AD10: =Z10+V10 | AE10: =AA10+W10 | AF10: =AB10+X10 | AG10: =AC10+Y10 | AH10: =IF(B10+D10=0,"",B10/(B10+D10)) | AI10: =IF(C10+E10=0,"",C10/(C10+E10)) | AJ10: =IF(B10+C10=0,1,B10/(B10+C10)) | AK10: =IF(F10+H10=0,"",F10/(F10+H10)) | AL10: =IF(G10+I10=0,"",G10/(G10+I10)) | AM10: =IF(F10+G10=0,1,F10/(F10+G10)) | AN10: =IF(J10+L10=0,"",J10/(J10+L10)) | AO10: =IF(K10+M10=0,"",K10/(K10+M10)) | AP10: =IF(J10+K10=0,1,J10/(J10+K10)) | AQ10: =IF(N10+P10=0,"",N10/(N10+P10)) | AR10: =IF(O10+Q10=0,"",O10/(O10+Q10)) | AS10: =IF(N10+O10=0,1,N10/(N10+O10)) | AT10: =IF(R10+T10=0,"",R10/(R10+T10)) | AU10: =IF(S10+U10=0,"",S10/(S10+U10)) | AV10: =IF(R10+S10=0,1,R10/(R10+S10)) | AW10: =IF(V10+X10=0,"",V10/(V10+X10)) | AX10: =IF(W10+Y10=0,"",W10/(W10+Y10)) | AY10: =IF(V10+W10=0,1,V10/(V10+W10)) | AZ10: =IF(Z10+AB10=0,"",Z10/(Z10+AB10)) | BA10: =IF(AA10+AC10=0,"",AA10/(AA10+AC10)) | BB10: =IF(Z10+AA10=0,1,Z10/(Z10+AA10)) | BC10: =IF(AD10+AF10=0,"",AD10/(AD10+AF10)) | BD10: =IF(AE10+AG10=0,"",AE10/(AE10+AG10)) | BE10: =IF(AD10+AE10=0,1,AD10/(AD10+AE10))
A11: 0.00015551429 | B11: 1556 | C11: 3417 | D11: 0 | E11: 67 | F11: 1416 | G11: 2879 | H11: 0 | I11: 10 | J11: 4264 | K11: 469 | L11: 0 | M11: 19 | N11: 29 | O11: 4937 | P11: 0 | Q11: 33 | R11: 156 | S11: 4219 | T11: 3 | U11: 182 | V11: 2919 | W11: 6426 | X11: 1 | Y11: 183 | Z11: =B11+F11+J11+N11+R11 | AA11: =C11+G11+K11+O11+S11 | AB11: =D11+H11+L11+P11+T11 | AC11: =E11+I11+M11+Q11+U11 | AD11: =Z11+V11 | AE11: =AA11+W11 | AF11: =AB11+X11 | AG11: =AC11+Y11 | AH11: =IF(B11+D11=0,"",B11/(B11+D11)) | AI11: =IF(C11+E11=0,"",C11/(C11+E11)) | AJ11: =IF(B11+C11=0,1,B11/(B11+C11)) | AK11: =IF(F11+H11=0,"",F11/(F11+H11)) | AL11: =IF(G11+I11=0,"",G11/(G11+I11)) | AM11: =IF(F11+G11=0,1,F11/(F11+G11)) | AN11: =IF(J11+L11=0,"",J11/(J11+L11)) | AO11: =IF(K11+M11=0,"",K11/(K11+M11)) | AP11: =IF(J11+K11=0,1,J11/(J11+K11)) | AQ11: =IF(N11+P11=0,"",N11/(N11+P11)) | AR11: =IF(O11+Q11=0,"",O11/(O11+Q11)) | AS11: =IF(N11+O11=0,1,N11/(N11+O11)) | AT11: =IF(R11+T11=0,"",R11/(R11+T11)) | AU11: =IF(S11+U11=0,"",S11/(S11+U11)) | AV11: =IF(R11+S11=0,1,R11/(R11+S11)) | AW11: =IF(V11+X11=0,"",V11/(V11+X11)) | AX11: =IF(W11+Y11=0,"",W11/(W11+Y11)) | AY11: =IF(V11+W11=0,1,V11/(V11+W11)) | AZ11: =IF(Z11+AB11=0,"",Z11/(Z11+AB11)) | BA11: =IF(AA11+AC11=0,"",AA11/(AA11+AC11)) | BB11: =IF(Z11+AA11=0,1,Z11/(Z11+AA11)) | BC11: =IF(AD11+AF11=0,"",AD11/(AD11+AF11)) | BD11: =IF(AE11+AG11=0,"",AE11/(AE11+AG11)) | BE11: =IF(AD11+AE11=0,1,AD11/(AD11+AE11))
A12: 0.00019433333 | B12: 1556 | C12: 3411 | D12: 0 | E12: 73 | F12: 1416 | G12: 2875 | H12: 0 | I12: 14 | J12: 4264 | K12: 468 | L12: 0 | M12: 20 | N12: 29 | O12: 4932 | P12: 0 | Q12: 38 | R12: 152 | S12: 4185 | T12: 7 | U12: 216 | V12: 2918 | W12: 6399 | X12: 2 | Y12: 210 | Z12: =B12+F12+J12+N12+R12 | AA12: =C12+G12+K12+O12+S12 | AB12: =D12+H12+L12+P12+T12 | AC12: =E12+I12+M12+Q12+U12 | AD12: =Z12+V12 | AE12: =AA12+W12 | AF12: =AB12+X12 | AG12: =AC12+Y12 | AH12: =IF(B12+D12=0,"",B12/(B12+D12)) | AI12: =IF(C12+E12=0,"",C12/(C12+E12)) | AJ12: =IF(B12+C12=0,1,B12/(B12+C12)) | AK12: =IF(F12+H12=0,"",F12/(F12+H12)) | AL12: =IF(G12+I12=0,"",G12/(G12+I12)) | AM12: =IF(F12+G12=0,1,F12/(F12+G12)) | AN12: =IF(J12+L12=0,"",J12/(J12+L12)) | AO12: =IF(K12+M12=0,"",K12/(K12+M12)) | AP12: =IF(J12+K12=0,1,J12/(J12+K12)) | AQ12: =IF(N12+P12=0,"",N12/(N12+P12)) | AR12: =IF(O12+Q12=0,"",O12/(O12+Q12)) | AS12: =IF(N12+O12=0,1,N12/(N12+O12)) | AT12: =IF(R12+T12=0,"",R12/(R12+T12)) | AU12: =IF(S12+U12=0,"",S12/(S12+U12)) | AV12: =IF(R12+S12=0,1,R12/(R12+S12)) | AW12: =IF(V12+X12=0,"",V12/(V12+X12)) | AX12: =IF(W12+Y12=0,"",W12/(W12+Y12)) | AY12: =IF(V12+W12=0,1,V12/(V12+W12)) | AZ12: =IF(Z12+AB12=0,"",Z12/(Z12+AB12)) | BA12: =IF(AA12+AC12=0,"",AA12/(AA12+AC12)) | BB12: =IF(Z12+AA12=0,1,Z12/(Z12+AA12)) | BC12: =IF(AD12+AF12=0,"",AD12/(AD12+AF12)) | BD12: =IF(AE12+AG12=0,"",AE12/(AE12+AG12)) | BE12: =IF(AD12+AE12=0,1,AD12/(AD12+AE12))
A13: 0.00022661333 | B13: 1556 | C13: 3408 | D13: 0 | E13: 76 | F13: 1416 | G13: 2871 | H13: 0 | I13: 18 | J13: 4264 | K13: 467 | L13: 0 | M13: 21 | N13: 29 | O13: 4929 | P13: 0 | Q13: 41 | R13: 149 | S13: 4146 | T13: 10 | U13: 255 | V13: 2917 | W13: 6369 | X13: 3 | Y13: 240 | Z13: =B13+F13+J13+N13+R13 | AA13: =C13+G13+K13+O13+S13 | AB13: =D13+H13+L13+P13+T13 | AC13: =E13+I13+M13+Q13+U13 | AD13: =Z13+V13 | AE13: =AA13+W13 | AF13: =AB13+X13 | AG13: =AC13+Y13 | AH13: =IF(B13+D13=0,"",B13/(B13+D13)) | AI13: =IF(C13+E13=0,"",C13/(C13+E13)) | AJ13: =IF(B13+C13=0,1,B13/(B13+C13)) | AK13: =IF(F13+H13=0,"",F13/(F13+H13)) | AL13: =IF(G13+I13=0,"",G13/(G13+I13)) | AM13: =IF(F13+G13=0,1,F13/(F13+G13)) | AN13: =IF(J13+L13=0,"",J13/(J13+L13)) | AO13: =IF(K13+M13=0,"",K13/(K13+M13)) | AP13: =IF(J13+K13=0,1,J13/(J13+K13)) | AQ13: =IF(N13+P13=0,"",N13/(N13+P13)) | AR13: =IF(O13+Q13=0,"",O13/(O13+Q13)) | AS13: =IF(N13+O13=0,1,N13/(N13+O13)) | AT13: =IF(R13+T13=0,"",R13/(R13+T13)) | AU13: =IF(S13+U13=0,"",S13/(S13+U13)) | AV13: =IF(R13+S13=0,1,R13/(R13+S13)) | AW13: =IF(V13+X13=0,"",V13/(V13+X13)) | AX13: =IF(W13+Y13=0,"",W13/(W13+Y13)) | AY13: =IF(V13+W13=0,1,V13/(V13+W13)) | AZ13: =IF(Z13+AB13=0,"",Z13/(Z13+AB13)) | BA13: =IF(AA13+AC13=0,"",AA13/(AA13+AC13)) | BB13: =IF(Z13+AA13=0,1,Z13/(Z13+AA13)) | BC13: =IF(AD13+AF13=0,"",AD13/(AD13+AF13)) | BD13: =IF(AE13+AG13=0,"",AE13/(AE13+AG13)) | BE13: =IF(AD13+AE13=0,1,AD13/(AD13+AE13))
A14: 0.00025574286 | B14: 1556 | C14: 3404 | D14: 0 | E14: 80 | F14: 1416 | G14: 2870 | H14: 0 | I14: 19 | J14: 4264 | K14: 466 | L14: 0 | M14: 22 | N14: 29 | O14: 4924 | P14: 0 | Q14: 46 | R14: 147 | S14: 4109 | T14: 12 | U14: 292 | V14: 2914 | W14: 6339 | X14: 6 | Y14: 270 | Z14: =B14+F14+J14+N14+R14 | AA14: =C14+G14+K14+O14+S14 | AB14: =D14+H14+L14+P14+T14 | AC14: =E14+I14+M14+Q14+U14 | AD14: =Z14+V14 | AE14: =AA14+W14 | AF14: =AB14+X14 | AG14: =AC14+Y14 | AH14: =IF(B14+D14=0,"",B14/(B14+D14)) | AI14: =IF(C14+E14=0,"",C14/(C14+E14)) | AJ14: =IF(B14+C14=0,1,B14/(B14+C14)) | AK14: =IF(F14+H14=0,"",F14/(F14+H14)) | AL14: =IF(G14+I14=0,"",G14/(G14+I14)) | AM14: =IF(F14+G14=0,1,F14/(F14+G14)) | AN14: =IF(J14+L14=0,"",J14/(J14+L14)) | AO14: =IF(K14+M14=0,"",K14/(K14+M14)) | AP14: =IF(J14+K14=0,1,J14/(J14+K14)) | AQ14: =IF(N14+P14=0,"",N14/(N14+P14)) | AR14: =IF(O14+Q14=0,"",O14/(O14+Q14)) | AS14: =IF(N14+O14=0,1,N14/(N14+O14)) | AT14: =IF(R14+T14=0,"",R14/(R14+T14)) | AU14: =IF(S14+U14=0,"",S14/(S14+U14)) | AV14: =IF(R14+S14=0,1,R14/(R14+S14)) | AW14: =IF(V14+X14=0,"",V14/(V14+X14)) | AX14: =IF(W14+Y14=0,"",W14/(W14+Y14)) | AY14: =IF(V14+W14=0,1,V14/(V14+W14)) | AZ14: =IF(Z14+AB14=0,"",Z14/(Z14+AB14)) | BA14: =IF(AA14+AC14=0,"",AA14/(AA14+AC14)) | BB14: =IF(Z14+AA14=0,1,Z14/(Z14+AA14)) | BC14: =IF(AD14+AF14=0,"",AD14/(AD14+AF14)) | BD14: =IF(AE14+AG14=0,"",AE14/(AE14+AG14)) | BE14: =IF(AD14+AE14=0,1,AD14/(AD14+AE14))
A15: 0.00028388571 | B15: 1556 | C15: 3402 | D15: 0 | E15: 82 | F15: 1416 | G15: 2869 | H15: 0 | I15: 20 | J15: 4264 | K15: 466 | L15: 0 | M15: 22 | N15: 29 | O15: 4918 | P15: 0 | Q15: 52 | R15: 146 | S15: 4077 | T15: 13 | U15: 324 | V15: 2912 | W15: 6300 | X15: 8 | Y15: 309 | Z15: =B15+F15+J15+N15+R15 | AA15: =C15+G15+K15+O15+S15 | AB15: =D15+H15+L15+P15+T15 | AC15: =E15+I15+M15+Q15+U15 | AD15: =Z15+V15 | AE15: =AA15+W15 | AF15: =AB15+X15 | AG15: =AC15+Y15 | AH15: =IF(B15+D15=0,"",B15/(B15+D15)) | AI15: =IF(C15+E15=0,"",C15/(C15+E15)) | AJ15: =IF(B15+C15=0,1,B15/(B15+C15)) | AK15: =IF(F15+H15=0,"",F15/(F15+H15)) | AL15: =IF(G15+I15=0,"",G15/(G15+I15)) | AM15: =IF(F15+G15=0,1,F15/(F15+G15)) | AN15: =IF(J15+L15=0,"",J15/(J15+L15)) | AO15: =IF(K15+M15=0,"",K15/(K15+M15)) | AP15: =IF(J15+K15=0,1,J15/(J15+K15)) | AQ15: =IF(N15+P15=0,"",N15/(N15+P15)) | AR15: =IF(O15+Q15=0,"",O15/(O15+Q15)) | AS15: =IF(N15+O15=0,1,N15/(N15+O15)) | AT15: =IF(R15+T15=0,"",R15/(R15+T15)) | AU15: =IF(S15+U15=0,"",S15/(S15+U15)) | AV15: =IF(R15+S15=0,1,R15/(R15+S15)) | AW15: =IF(V15+X15=0,"",V15/(V15+X15)) | AX15: =IF(W15+Y15=0,"",W15/(W15+Y15)) | AY15: =IF(V15+W15=0,1,V15/(V15+W15)) | AZ15: =IF(Z15+AB15=0,"",Z15/(Z15+AB15)) | BA15: =IF(AA15+AC15=0,"",AA15/(AA15+AC15)) | BB15: =IF(Z15+AA15=0,1,Z15/(Z15+AA15)) | BC15: =IF(AD15+AF15=0,"",AD15/(AD15+AF15)) | BD15: =IF(AE15+AG15=0,"",AE15/(AE15+AG15)) | BE15: =IF(AD15+AE15=0,1,AD15/(AD15+AE15))
A16: 0.00030720667 | B16: 1556 | C16: 3398 | D16: 0 | E16: 86 | F16: 1416 | G16: 2864 | H16: 0 | I16: 25 | J16: 4264 | K16: 466 | L16: 0 | M16: 22 | N16: 29 | O16: 4914 | P16: 0 | Q16: 56 | R16: 141 | S16: 4044 | T16: 18 | U16: 357 | V16: 2912 | W16: 6268 | X16: 8 | Y16: 341 | Z16: =B16+F16+J16+N16+R16 | AA16: =C16+G16+K16+O16+S16 | AB16: =D16+H16+L16+P16+T16 | AC16: =E16+I16+M16+Q16+U16 | AD16: =Z16+V16 | AE16: =AA16+W16 | AF16: =AB16+X16 | AG16: =AC16+Y16 | AH16: =IF(B16+D16=0,"",B16/(B16+D16)) | AI16: =IF(C16+E16=0,"",C16/(C16+E16)) | AJ16: =IF(B16+C16=0,1,B16/(B16+C16)) | AK16: =IF(F16+H16=0,"",F16/(F16+H16)) | AL16: =IF(G16+I16=0,"",G16/(G16+I16)) | AM16: =IF(F16+G16=0,1,F16/(F16+G16)) | AN16: =IF(J16+L16=0,"",J16/(J16+L16)) | AO16: =IF(K16+M16=0,"",K16/(K16+M16)) | AP16: =IF(J16+K16=0,1,J16/(J16+K16)) | AQ16: =IF(N16+P16=0,"",N16/(N16+P16)) | AR16: =IF(O16+Q16=0,"",O16/(O16+Q16)) | AS16: =IF(N16+O16=0,1,N16/(N16+O16)) | AT16: =IF(R16+T16=0,"",R16/(R16+T16)) | AU16: =IF(S16+U16=0,"",S16/(S16+U16)) | AV16: =IF(R16+S16=0,1,R16/(R16+S16)) | AW16: =IF(V16+X16=0,"",V16/(V16+X16)) | AX16: =IF(W16+Y16=0,"",W16/(W16+Y16)) | AY16: =IF(V16+W16=0,1,V16/(V16+W16)) | AZ16: =IF(Z16+AB16=0,"",Z16/(Z16+AB16)) | BA16: =IF(AA16+AC16=0,"",AA16/(AA16+AC16)) | BB16: =IF(Z16+AA16=0,1,Z16/(Z16+AA16)) | BC16: =IF(AD16+AF16=0,"",AD16/(AD16+AF16)) | BD16: =IF(AE16+AG16=0,"",AE16/(AE16+AG16)) | BE16: =IF(AD16+AE16=0,1,AD16/(AD16+AE16))
... A406: 1.000001 | B406: 0 | C406: 0 | D406: 1556 | E406: 3484 | F406: 0 | G406: 0 | H406: 1416 | I406: 2889 | J406: 0 | K406: 0 | L406: 4264 | M406: 488 | N406: 0 | O406: 0 | P406: 29 | Q406: 4970 | R406: 0 | S406: 0 | T406: 159 | U406: 4401 | V406: 0 | W406: 0 | X406: 2920 | Y406: 6609 | Z406: =B406+F406+J406+N406+R406 | AA406: =C406+G406+K406+O406+S406 | AB406: =D406+H406+L406+P406+T406 | AC406: =E406+I406+M406+Q406+U406 | AD406: =Z406+V406 | AE406: =AA406+W406 | AF406: =AB406+X406 | AG406: =AC406+Y406 | AH406: =IF(B406+D406=0,"",B406/(B406+D406)) | AI406: =IF(C406+E406=0,"",C406/(C406+E406)) | AJ406: =IF(B406+C406=0,1,B406/(B406+C406)) | AK406: =IF(F406+H406=0,"",F406/(F406+H406)) | AL406: =IF(G406+I406=0,"",G406/(G406+I406)) | AM406: =IF(F406+G406=0,1,F406/(F406+G406)) | AN406: =IF(J406+L406=0,"",J406/(J406+L406)) | AO406: =IF(K406+M406=0,"",K406/(K406+M406)) | AP406: =IF(J406+K406=0,1,J406/(J406+K406)) | AQ406: =IF(N406+P406=0,"",N406/(N406+P406)) | AR406: =IF(O406+Q406=0,"",O406/(O406+Q406)) | AS406: =IF(N406+O406=0,1,N406/(N406+O406)) | AT406: =IF(R406+T406=0,"",R406/(R406+T406)) | AU406: =IF(S406+U406=0,"",S406/(S406+U406)) | AV406: =IF(R406+S406=0,1,R406/(R406+S406)) | AW406: =IF(V406+X406=0,"",V406/(V406+X406)) | AX406: =IF(W406+Y406=0,"",W406/(W406+Y406)) | AY406: =IF(V406+W406=0,1,V406/(V406+W406)) | AZ406: =IF(Z406+AB406=0,"",Z406/(Z406+AB406)) | BA406: =IF(AA406+AC406=0,"",AA406/(AA406+AC406)) | BB406: =IF(Z406+AA406=0,1,Z406/(Z406+AA406)) | BC406: =IF(AD406+AF406=0,"",AD406/(AD406+AF406)) | BD406: =IF(AE406+AG406=0,"",AE406/(AE406+AG406)) | BE406: =IF(AD406+AE406=0,1,AD406/(AD406+AE406))

Sheet DL theo file
A1: Số liệu theo file (144 file)
A2: Chữ xanh = số nhập từ evaluate_real.py (per_file.csv). Cột P–Q là công thức.
A4: File | B4: Category | C4: Tập | D4: Thời lượng (s) | E4: % speech (nhãn chính) | F4: % speech (nhãn --gt-alt) | G4: % speech (người gán 2) | H4: Khớp với người gán 2 | I4: #chuyển trạng thái | J4: #đoạn speech | K4: % bin biên | L4: AUC file | M4: Lag (s) | N4: Tương quan đỉnh | O4: Điểm TB | P4: 1 lớp? (CT) | Q4: Cực đoan? (CT) | R4: % đoạn speech < 0.96 s | S4: % khoảng lặng < 0.96 s | T4: % khoảng lặng bị pad + merge lấp | U4: % cửa sổ lẫn | V4: % bin cách biên ≤ 0.48 s | W4: Chuyển trạng thái / phút | X4: Trần F1 oracle A0 | Y4: Trần F1 oracle A4 | Z4: % bin oracle A4 sai | AA4: % bin < 6 cửa sổ
A5: Asm_3OfnqBTIGs4 | B5: Asm | C5: test | D5: 120 | E5: 0.55833333 | I5: 51 | J5: 26 | K5: 0.3875 | L5: 0.61032104 | M5: 0.1 | N5: 0.17659714 | O5: 0.050974551 | P5: =IF(OR(E5=0,E5=1),1,0) | Q5: =IF(OR(E5<0.1,E5>0.9),1,0) | R5: 0.15384615 | S5: 0.2 | T5: 0.2 | U5: 0.37163978 | V5: 0.3875 | W5: 25.5 | X5: 1 | Y5: 0.97416974 | Z5: 0.029166667 | AA5: 0.0083333333
A6: Asm_3x5PzivPJ3Q | B6: Asm | C6: test | D6: 120 | E6: 0.39583333 | I6: 43 | J6: 22 | K6: 0.32916667 | L6: 0.93096189 | M6: 0.26 | N6: 0.51856504 | O6: 0.084587997 | P6: =IF(OR(E6=0,E6=1),1,0) | Q6: =IF(OR(E6<0.1,E6>0.9),1,0) | R6: 0.090909091 | S6: 0.23809524 | T6: 0.23809524 | U6: 0.31518817 | V6: 0.32916667 | W6: 21.5 | X6: 1 | Y6: 0.96373057 | Z6: 0.029166667 | AA6: 0.0083333333
A7: Asm_47Tep2TwUBw | B7: Asm | C7: test | D7: 120 | E7: 0.61666667 | I7: 67 | J7: 34 | K7: 0.48333333 | L7: 0.58541422 | M7: 0.68 | N7: 0.18674387 | O7: 0.066468198 | P7: =IF(OR(E7=0,E7=1),1,0) | Q7: =IF(OR(E7<0.1,E7>0.9),1,0) | R7: 0.14705882 | S7: 0.39393939 | T7: 0.39393939 | U7: 0.46034946 | V7: 0.48333333 | W7: 33.5 | X7: 1 | Y7: 0.95114007 | Z7: 0.0625 | AA7: 0.0083333333
A8: Asm_7NvNSVrY7F8 | B8: Asm | C8: dev | D8: 120 | E8: 0 | I8: 0 | J8: 0 | K8: 0 | O8: 0.032561417 | P8: =IF(OR(E8=0,E8=1),1,0) | Q8: =IF(OR(E8<0.1,E8>0.9),1,0) | U8: 0 | V8: 0 | W8: 0 | Z8: 0 | AA8: 0.0083333333
A9: Asm_8cp9laDLaiM | B9: Asm | C9: test | D9: 120 | E9: 0.25 | I9: 42 | J9: 21 | K9: 0.3375 | L9: 0.66421296 | M9: -0.16 | N9: 0.17166868 | O9: 0.023217001 | P9: =IF(OR(E9=0,E9=1),1,0) | Q9: =IF(OR(E9<0.1,E9>0.9),1,0) | R9: 0.047619048 | S9: 0.1 | T9: 0.1 | U9: 0.31854839 | V9: 0.3375 | W9: 21 | X9: 0.99173554 | Y9: 0.96721311 | Z9: 0.016666667 | AA9: 0.0083333333
A10: Asm_B3tUIst9qSk | B10: Asm | C10: test | D10: 120 | E10: 0.175 | I10: 19 | J10: 10 | K10: 0.14583333 | L10: 0.57768158 | M10: -0.22 | N10: 0.11563622 | O10: 0.014926915 | P10: =IF(OR(E10=0,E10=1),1,0) | Q10: =IF(OR(E10<0.1,E10>0.9),1,0) | R10: 0.2 | S10: 0.11111111 | T10: 0.11111111 | U10: 0.13978495 | V10: 0.14583333 | W10: 9.5 | X10: 1 | Y10: 0.97619048 | Z10: 0.0083333333 | AA10: 0.0083333333
A11: Asm_E_ZZn6St3vw | B11: Asm | C11: test | D11: 120 | E11: 0.020833333 | I11: 6 | J11: 3 | K11: 0.041666667 | L11: 0.47489362 | M11: 1.46 | N11: 0.0022344374 | O11: 0.030476878 | P11: =IF(OR(E11=0,E11=1),1,0) | Q11: =IF(OR(E11<0.1,E11>0.9),1,0) | R11: 0.66666667 | S11: 0 | T11: 0 | U11: 0.040322581 | V11: 0.041666667 | W11: 3 | X11: 1 | Y11: 0.75 | Z11: 0.0083333333 | AA11: 0.0083333333
A12: Asm_FfyD6meDspM | B12: Asm | C12: test | D12: 120 | E12: 0.40416667 | I12: 52 | J12: 26 | K12: 0.40833333 | L12: 0.80700743 | M12: 0.1 | N12: 0.33833318 | O12: 0.060601876 | P12: =IF(OR(E12=0,E12=1),1,0) | Q12: =IF(OR(E12<0.1,E12>0.9),1,0) | R12: 0.15384615 | S12: 0.08 | T12: 0.08 | U12: 0.38709677 | V12: 0.40833333 | W12: 26 | X12: 1 | Y12: 0.96373057 | Z12: 0.029166667 | AA12: 0.0083333333
A13: Asm_IVnd7RZQhAY | B13: Asm | C13: test | D13: 120 | E13: 0.75416667 | I13: 42 | J13: 21 | K13: 0.30416667 | L13: 0.59499953 | M13: 0.26 | N13: 0.10921263 | O13: 0.11460608 | P13: =IF(OR(E13=0,E13=1),1,0) | Q13: =IF(OR(E13<0.1,E13>0.9),1,0) | R13: 0 | S13: 0.55 | T13: 0.55 | U13: 0.29233871 | V13: 0.30416667 | W13: 21 | X13: 1 | Y13: 0.97050938 | Z13: 0.045833333 | AA13: 0.0083333333
A14: Asm_IlJYaR2D7GU | B14: Asm | C14: test | D14: 120 | E14: 0 | I14: 0 | J14: 0 | K14: 0 | O14: 0.01769802 | P14: =IF(OR(E14=0,E14=1),1,0) | Q14: =IF(OR(E14<0.1,E14>0.9),1,0) | U14: 0 | V14: 0 | W14: 0 | Z14: 0 | AA14: 0.0083333333
A15: Asm_KtEz6DSAgsc | B15: Asm | C15: test | D15: 120 | E15: 0.35416667 | I15: 44 | J15: 22 | K15: 0.33333333 | L15: 0.58944972 | M15: 0.44 | N15: 0.10062962 | O15: 0.028731076 | P15: =IF(OR(E15=0,E15=1),1,0) | Q15: =IF(OR(E15<0.1,E15>0.9),1,0) | R15: 0.18181818 | S15: 0.19047619 | T15: 0.19047619 | U15: 0.31653226 | V15: 0.33333333 | W15: 22 | X15: 1 | Y15: 0.96511628 | Z15: 0.025 | AA15: 0.0083333333
A16: Asm_MUgbipftcgs | B16: Asm | C16: test | D16: 120 | E16: 0.2625 | I16: 30 | J16: 15 | K16: 0.24583333 | L16: 0.6477446 | M16: -0.1 | N16: 0.13624034 | O16: 0.015939493 | P16: =IF(OR(E16=0,E16=1),1,0) | Q16: =IF(OR(E16<0.1,E16>0.9),1,0) | R16: 0 | S16: 0.071428571 | T16: 0.071428571 | U16: 0.23521505 | V16: 0.24583333 | W16: 15 | X16: 1 | Y16: 0.99212598 | Z16: 0.0041666667 | AA16: 0.0083333333
A17: Asm_O_DCdDWGv_s | B17: Asm | C17: dev | D17: 120 | E17: 0.89583333 | I17: 17 | J17: 9 | K17: 0.125 | L17: 0.92027907 | M17: 0.02 | N17: 0.37124167 | O17: 0.43770686 | P17: =IF(OR(E17=0,E17=1),1,0) | Q17: =IF(OR(E17<0.1,E17>0.9),1,0) | R17: 0 | S17: 0.5 | T17: 0.5 | U17: 0.1155914 | V17: 0.125 | W17: 8.5 | X17: 0.99767981 | Y17: 0.98850575 | Z17: 0.020833333 | AA17: 0.0083333333
A18: Asm_QY1X2NLYsKY | B18: Asm | C18: test | D18: 120 | E18: 0 | I18: 0 | J18: 0 | K18: 0 | O18: 0.031444922 | P18: =IF(OR(E18=0,E18=1),1,0) | Q18: =IF(OR(E18<0.1,E18>0.9),1,0) | U18: 0 | V18: 0 | W18: 0 | Z18: 0 | AA18: 0.0083333333
A19: Asm_QkpygCY47ME | B19: Asm | C19: test | D19: 120 | E19: 0.029166667 | I19: 8 | J19: 4 | K19: 0.054166667 | L19: 0.50275904 | M19: 1.5 | N19: 0.028137807 | O19: 0.014133312 | P19: =IF(OR(E19=0,E19=1),1,0) | Q19: =IF(OR(E19<0.1,E19>0.9),1,0) | R19: 0.5 | S19: 0.33333333 | T19: 0.33333333 | U19: 0.052419355 | V19: 0.054166667 | W19: 4 | X19: 1 | Y19: 0.85714286 | Z19: 0.0083333333 | AA19: 0.0083333333
A20: Asm_SlfTbgAyOEI | B20: Asm | C20: test | D20: 120 | E20: 0.47083333 | I20: 72 | J20: 36 | K20: 0.53333333 | L20: 0.61727406 | M20: 1.1 | N20: 0.20376108 | O20: 0.026387938 | P20: =IF(OR(E20=0,E20=1),1,0) | Q20: =IF(OR(E20<0.1,E20>0.9),1,0) | R20: 0.19444444 | S20: 0.25714286 | T20: 0.25714286 | U20: 0.50604839 | V20: 0.53333333 | W20: 36 | X20: 0.99559471 | Y20: 0.93103448 | Z20: 0.066666667 | AA20: 0.0083333333
A21: Asm_XHdsNxh9C7k | B21: Asm | C21: test | D21: 120 | E21: 0.96666667 | I21: 11 | J21: 6 | K21: 0.075 | L21: 0.70689655 | M21: -0.04 | N21: 0.10150976 | O21: 0.3455918 | P21: =IF(OR(E21=0,E21=1),1,0) | Q21: =IF(OR(E21<0.1,E21>0.9),1,0) | R21: 0 | S21: 0.8 | T21: 0.8 | U21: 0.071908602 | V21: 0.075 | W21: 5.5 | X21: 1 | Y21: 0.99145299 | Z21: 0.016666667 | AA21: 0.0083333333
A22: Asm__P1ah40ZIkM | B22: Asm | C22: dev | D22: 120 | E22: 0.19166667 | I22: 36 | J22: 18 | K22: 0.275 | L22: 0.89612281 | M22: 0.1 | N22: 0.60127329 | O22: 0.13850962 | P22: =IF(OR(E22=0,E22=1),1,0) | Q22: =IF(OR(E22<0.1,E22>0.9),1,0) | R22: 0.22222222 | S22: 0.11764706 | T22: 0.11764706 | U22: 0.26344086 | V22: 0.275 | W22: 18 | X22: 1 | Y22: 0.93333333 | Z22: 0.025 | AA22: 0.0083333333
A23: Asm_jE6x0TXsYUc | B23: Asm | C23: dev | D23: 120 | E23: 0.77916667 | I23: 54 | J23: 28 | K23: 0.39166667 | L23: 0.34476844 | M23: -1.44 | N23: 0.12135083 | O23: 0.10947084 | P23: =IF(OR(E23=0,E23=1),1,0) | Q23: =IF(OR(E23<0.1,E23>0.9),1,0) | R23: 0.035714286 | S23: 0.48148148 | T23: 0.48148148 | U23: 0.37365591 | V23: 0.39166667 | W23: 27 | X23: 1 | Y23: 0.96640827 | Z23: 0.054166667 | AA23: 0.0083333333
